P,Ms,Rp,Sp
4.040295,1.1,1.357231743,493.5385763
9.573083,1.1,2.319059064,156.5069271
6.398042,0.73,2.887245581,43.73390074
18.87974,0.73,2.542610333,10.33283874
1.628931,0.18,1.063102035,19.55392311
9.030501,1.06,3.555001107,144.6506864
11.197259,0.78,2.852515204,35.25845992
34.976145,0.78,2.550099552,7.718345605
3.444714,0.63,1.721028725,57.32629464
4.884765,0.96,1.94358549,251.404069
4.6122,0.26,2.298082395,22.10871366
1.4520358,0.59,1.341940595,233.1502255
9.30412078,0.75,1.957344315,33.76
23.968127,0.6,2.310680523,3.510685723
16.709184,0.66,2.007604387,13.63
28.551383,0.66,1.96898372,6.68
4.94329023,0.96,1.15387423,296.74
9.59070716,0.88,2.179980353,82.77
4.64490986,1.02,1.44411232,504.23
8.49642241,0.74,2.521336133,60.771854
8.594805,0.98,1.946313107,159.07
20.2641684,1.19,2.300217125,132.59
7.44142113,1.19,1.433360152,503.72
7.930592,1.09,3.124930299,136.52
16.665863,1.09,2.985845198,50.68
14.28226676,0.64,2.36070163,12.49
6.14955998,1.08,3.67279653,649.26
28.26731672,0.83,2.856315466,11.92
4.16809082,0.98,2.746695497,645.9430199
6.8834055,1.19,2.941973759,330.55
13.62798432,0.77,2.439681861,29
4.48758907,1.05,1.306148018,827.22
4.19449651,0.52,1.589667475,26.23769684
25.0824626,1.13,2.39252897,80.05960301
89.722292,1.13,2.484185621,14.63434147
8.84794044,0.58,1.496094733,12.48
1.13854338,1.16,1.13799383,4345.392634
3.908632,0.73,2.075488313,99.1
14.400974,1.03,2.197298907,79.7
11.189562,1.19,1.909751651,257.72
17.849,1,3.155391287,138.41
26.136,1,3.036183542,83.24
1.592851,1.07,1.685667815,1314.723631
1.92279873,0.84,1.385835398,496.82
2.76122421,1.2,1.071326788,1218.624994
5.47666,0.65,1.799669376,64.84
11.01816836,0.96,3.675702994,185.9992158
1.54168,0.99,1.623387238,1107.39
55.328328,0.92,1.991733354,10.08
25.873148,0.99,2.649183403,32.3368683
15.65562652,0.83,2.364858793,24.47
3.250619,0.84,1.365263088,195.22
6.195469,0.84,1.429728699,82.85
8.348125,0.84,1.424170703,55.53
13.767102,0.84,2.173183561,28.55
87.090195,0.84,2.836574107,2.44
46.8779367,0.99,2.640284478,17.42
10.84969477,0.87,3.155178908,51.50509976
12.12400943,0.83,2.337917718,36.79
40.80970001,1.24,2.920814366,31.05
3.340222,0.58,2.419729515,68.80882578
7.824904,0.58,1.357838192,22.11596524
20.060548,0.58,2.282065706,6.30310003
46.183669,0.58,2.259020663,2.073448949
3.177422,0.86,2.491458042,220.49
41.008011,0.86,2.344577443,7.3
3.0255955,1.13,1.357723458,975.18
18.92540274,0.94,3.236547168,27.74
1.47532231,0.94,1.591155095,833.59
4.15244722,0.94,1.910857887,209.75
85.65399933,1.15,3.019479779,8.08
4.75615,0.9,1.656774687,159.9085329
17.1784,0.9,2.453597119,28.85595251
8.20395,0.81,2.576292623,43.77
14.496481,0.81,2.011134522,20.5
6.238297,1.17,2.784505556,542.96
17.324,1.12,2.97041858,198.25
33.006,1.12,3.188889615,83.9
13.22713379,0.84,2.530447906,29.41892477
2.85234897,0.35,2.13231825,56.29158746
13.32351601,1.18,1.26928032,132.66
11.8728787,1.03,2.06478461,127.1827218
13.73469807,0.84,2.334498029,38.27
18.87064068,1.06,2.720973078,72.96
9.37891944,0.97,2.443423835,141.99
4.78299999,0.89,2.682634141,145.48
3.10550819,0.86,2.509695031,215.46
8.51203588,0.96,2.376660036,133.32
94.2887577,0.97,2.196120069,4.18
13.89961966,0.7,2.511891749,23.08
31.7785901,1.02,2.971398299,89.47
24.99324193,1.05,2.493880775,72.75
2.7858212,1.41,1.653211392,2636.757994
6.40087618,0.93,3.163676706,962.26
2.88890485,0.81,1.477004685,173.06
3.97599768,0.85,1.19035453,181.21
10.5737534,1.03,2.07118234,119.6556307
8.73485836,1.03,2.696722943,339.3
19.55659418,0.91,2.754449325,114.39
6.30921984,0.52,1.94774681,31.73
12.5720095,1.14,1.175763073,139.77
33.416423,1.14,2.740154315,61.29
6.312501,0.65,3.326818575,44.75339115
12.794585,0.65,2.65118425,17.44722214
2.090876,1.06,2.093932431,2362.396587
6.155557,1.06,3.283548046,559.8874084
50.447,1.06,3.742810175,35.87
23.4774101,1.21,2.72755098,190.85
11.13125132,1.19,2.620184325,299.97
7.610303,0.76,1.93036382,55.53567014
14.245648,0.76,2.41694313,24.07158159
3.428054,0.94,1.280786451,367.26
7.381998,0.94,3.781273754,132.09
12.56093,0.94,3.023999603,65.14
30.826557,0.94,2.708905317,19.67
14.53244172,0.89,3.123936977,33.09
8.457458,0.93,1.137598,221.73
27.50868,1,3.151343769,42.80661991
8.82713457,0.97,1.774998271,96.64313515
4.646186,0.81,1.81713171,118.4629165
7.240193,0.81,2.529057037,65.57088096
17.326644,0.81,2.432319765,20.48449553
44.840975,0.81,2.788694654,5.765157106
16.092,1.02,2.369541804,66.12
59.77080154,1.1,2.911569634,17.53
16.75255007,0.77,1.361115473,11.52
2.15491,1.25,1.449182448,2156.767393
5.859944,1.25,2.634018912,568.2213358
8.13123,1.25,1.700940528,367.1417977
10.3507721,0.98,2.907285412,274.85
62.9228557,0.98,3.59592841,24.79
10.13202575,0.75,1.844229265,16.30477152
14.48585199,1.01,2.268432097,69.8
1.6168837,0.87,1.83482399,496.9
33.469743,1.03,3.050564685,39.03136762
6.097326,1.03,1.5396143,255.1104252
19.305772,1.03,2.90974336,54.86952455
56.633742,1.03,2.653484206,13.06613327
4.362705,0.96,1.709247983,253.66
6.941357,0.96,2.747693982,136.34
31.781925,0.96,2.323564104,17.96
8.114379,0.53,2.48000476,12.54956951
3.02166863,1.16,1.561584104,875.42
10.35533177,0.88,2.493734562,75.62
2.49412,0.7,1.291717159,161.0855041
22.2419092,1.29,1.465540167,149.41
15.9653287,1.21,3.613724272,144.7038996
26.723,1.21,3.00011712,106.21
49.3568,1.07,2.261646376,46.84
3.76419105,0.75,2.026631449,174.07
20.50586978,0.77,3.730366493,15.65
3.21509004,0.94,2.55471484,421.21
42.3004954,1.12,2.688052927,22.85
7.2385854,0.93,1.475328118,103.15
9.1149903,0.99,1.788298942,129.53
56.0560538,0.53,2.543322408,0.874496445
5.62012,0.81,1.902638534,84.01
16.736525,0.67,2.758140698,11.86083288
3.9324613,0.73,1.625466083,111.11
5.33905686,0.81,2.267593112,115.77
3.29011795,0.77,2.178919559,142.499985
8.39846269,1.16,2.57937347,280.6296
51.078775,1.08,3.821435145,49.15
20.42228798,1.19,2.059666082,109.84
7.63846023,1.19,1.226042181,407.98
33.8678531,0.77,2.265151037,5.83
9.600001,1.09,1.390333997,107.0574129
20.678772,1.09,1.913558094,38.48387442
12.18420029,0.98,2.330947066,106.52
4.973456,0.84,2.353760591,135.08
15.906801,0.84,2.628317674,28.64
9.28699,0.94,2.318783704,88.90406018
8.1453,1.03,2.891874258,252.25
12.3335,1.03,2.996707896,144.83
18.998355,0.98,2.541576492,81.51
9.02929974,0.82,2.753185351,77.75
6.4816307,1.09,2.561405689,418.1736584
21.22265,1.09,2.798502086,85.97530577
11.9548,0.84,2.654143776,159.04
1.07839035,0.84,1.514738636,1038.49
6.846262,0.98,1.735491702,245.27581
17.028937,0.98,2.68445504,72.77954796
67.831024,0.98,2.312863455,11.52625547
13.24934059,1.04,2.97535055,101.14
18.6489525,0.98,3.331752213,58.05302013
38.5583038,0.98,3.512171699,22.03975932
9.751962,0.98,2.278711036,137.7975221
29.53910065,1.3,2.376655281,61.49
4.51436633,1.15,1.87544004,454.6
11.72292176,1,2.169675491,81.64
6.00253,1.25,1.957156824,496.68
11.448708,1.25,1.199260104,209.97
19.57783,1.01,2.031803572,38.49797033
1.97034246,0.8,1.628040146,328.7
26.0204423,0.92,3.33754288,24.19161533
17.790037,0.97,3.054071325,44.55
49.567416,0.97,2.676077548,11.35
1.31184443,0.97,1.604877252,1444.52
10.10769068,0.97,3.527736825,317.8803874
7.01075434,1.13,1.911001176,324.28
61.0370117,1.14,2.902643455,20
1.22486632,0.82,2.003367107,2521.094927
13.060855,0.99,1.3715084,50.17
21.853722,0.99,1.68140362,25.26
12.49341307,0.86,2.20997951,37.75
3.74910006,1.04,1.565154431,490.71
29.6193421,0.94,2.015963449,25.58353135
29.6091744,1.02,1.305470544,33.37186599
3.51749439,0.59,1.53215986,68.72
4.144495,0.75,1.656768881,153.3215631
7.953528,0.75,2.595535302,64.29131555
10.91647,0.99,3.502846536,68.56
6.36584161,0.97,2.726430878,169.8286885
5.766193,1.08,2.608785494,448.1
21.587475,1.08,2.506669042,77.14
37.993273,1.08,2.744355261,36.3
56.268,1.03,2.550933835,21.52
1.732342,1.02,1.564297047,1572.31
13.5405,1.02,2.48689398,101.75
7.02573474,1.02,1.599492304,244.06
30.2541008,1.24,2.433497535,44.87
11.0895723,1.57,2.87231604,451.18
9.22957993,1.27,2.960353767,257.11
8.180848,0.79,2.15438931,59.8
15.31299,0.79,2.355525805,25.93
16.54964934,0.88,2.397117613,32.14
5.75622988,0.79,2.027947917,84.16
3.82591009,0.91,2.682149018,241.25
11.922,1.07,1.59545127,272.84
4.42157218,0.71,1.772852343,47.18
2.061897,0.98,1.646436762,1069.23
5.996553,0.98,3.00189224,257.35
2.50806,0.81,3.135367453,216.09
1.653888,0.92,1.044386156,735.18
4.337234,0.92,1.740746587,203.41
23.12748644,1.08,1.419908551,44.89
3.12686223,0.77,2.165362186,129.22
10.311767,0.8,1.342065645,35.19000486
16.1456994,0.8,2.512235648,19.35619774
7.96431535,0.82,2.387593258,74.35
25.745718,1.19,1.645125412,68.71
59.980627,1.19,2.442220825,22.23
38.5053398,0.92,2.722623779,21.69
5.885273,1.15,1.427083143,426.72
10.104665,1.15,1.414162529,207.25
6.5100253,0.94,2.532558927,178.7
8.436387,0.91,1.671570908,86.33
18.735753,0.91,2.141750561,29.77
9.77,0.66,2.884687605,16.75622916
20.09,0.66,2.505879825,6.408514272
5.169796,0.58,2.132783092,28.81
25.2034787,0.86,2.942718071,29.6070782
11.476094,1.17,1.79017041,178.36
6.05921984,0.98,1.26304753,214.55
14.70748976,1.02,2.104740462,90.38
5.03251791,0.93,2.564488077,326.4854287
3.70428172,1.46,1.647835308,4756.32
15.771044,1.08,2.683635941,64.78
7.30569992,1.08,1.867373628,210.72
6.88337562,0.98,2.550056163,247.47
1.6329,0.81,1.118961234,475.51
20.729042,0.81,1.833523213,16.03
15.09,1.09,1.534230104,227.4
22.804,1.09,1.451351437,130.98
91.080482,0.96,3.444796601,7.268680562
4.01593,1.05,1.923082681,425.0997147
10.56103,1.05,2.6202946,116.9471303
7.1079379,0.99,2.080862484,147.7803189
20.543791,0.99,2.483704915,35.89500199
19.0921,1.21,2.950929363,94.33392429
11.57797,0.87,1.65445707,114.837997
27.59221,0.87,2.89816821,36.07559642
5.16950177,1.03,2.331027844,808.84
4.11584468,0.78,1.602486194,98.41
76.613377,1.16,2.928207666,18.86
21.76129913,0.78,2.738826797,13.18
10.381227,0.88,2.143580186,45.78
24.570858,0.88,2.327887144,14.51
2.53918318,0.96,2.03982464,702.28
1.678328,1.02,1.453837247,1903.417063
3.5538229,1.02,1.664630814,700.2731665
12.99207337,0.98,3.361293578,264.58
30.82789993,1.05,2.857314342,27.66
4.72673978,0.91,1.677557856,267.8941952
41.6979976,1.06,2.362974096,21.99
24.3397804,1,2.924600231,35.52272277
76.5369586,1,2.576324352,7.710813281
6.319,1,2.627325992,224.09
12.209,1,2.539798176,93.07
3.07644709,0.95,1.581189481,599.7185016
9.93143556,1.04,3.53414696,228.6088341
14.91110039,0.93,2.845443483,49.29
16.22371307,0.94,2.4749655,109.0577715
2.711506,1.11,3.636563633,1075.518426
7.21205,1.11,3.873932036,291.8459312
37.6467384,1.05,2.229643119,11.38
4.16787,0.87,1.257056062,202.48
8.30864937,0.86,2.407603833,62.93
7.781987,1.05,1.208853225,192.27
13.137471,1.05,1.705573865,95.51
30.229104,1.28,3.152240573,61.49
40.806231,1.46,3.871921971,79.48
8.187399,0.92,2.492919478,132.13
25.934138,1.13,2.714082478,64.93
83.446393,1.13,2.989818097,13.66
66.4162133,0.81,3.926356759,3.983107986
11.30119217,1.09,2.323648404,173.7229817
10.21420496,1.14,2.971114755,295.83
4.41769648,0.82,1.312766666,129.1942183
15.228958,0.87,2.924431736,40.73
24.674612,0.87,2.25839738,21.41
4.57953,0.98,1.334896955,298.4407033
19.02293,0.98,2.018964656,44.69401663
40.6994443,1.3,2.899977546,39.3
7.75192492,1.04,3.346628828,407.83
4.1653651,1.04,1.839034032,932.13
13.14497566,0.93,1.690459278,61.57
7.40742793,1.07,3.059254044,304.8897466
18.82747265,0.87,3.164563955,32.91696918
78.1000231,1.14,2.93761468,10.79231503
34.763278,0.93,2.359518906,41.74
67.968015,0.93,2.469815479,17.06
3.22296927,1.06,1.651858298,535.19
7.2037945,0.55,2.805596471,22.93037831
10.9129343,0.55,2.486633003,13.1796614
2.576549,0.55,1.782597999,90.31816364
18.596108,0.55,1.733192661,6.475354671
3.70061994,0.92,1.737657702,737.02
5.25416994,1.05,2.06540952,338.15
12.551158,0.6,1.759980354,16.82
24.08821,0.6,1.493318038,7.05
10.300682,1.16,2.179412004,230.3205527
16.088134,1.16,3.526572606,127.1002586
35.676062,1.16,3.13095997,43.95262192
1.95270002,1.02,2.070739465,917.15
42.913751,1.41,2.710507912,73.5
4.612696,1.17,1.639443325,844.98
13.121632,1.17,1.993274696,209.37
16.568087,0.8,2.948399091,28.37865061
10.2737999,1,1.699104792,96.27
10.514181,1.2,1.196681332,219.2891839
4.3931539,0.78,1.708947579,116.4116066
7.406106,0.78,1.665745682,57.92669026
21.80379,0.78,1.226790681,13.74854384
78.5460968,1.06,3.477494565,14.85
10.62784997,1.09,2.488548192,179.1226757
7.42608998,1.19,2.553717117,241.13
47.14840805,0.81,2.589183904,5.12
11.634788,1.08,2.020052636,129.1757391
5.44832529,0.99,2.272800635,219.12
12.718092,0.67,3.026624867,29.01472426
36.065978,0.67,3.530316187,7.228543175
25.54339981,1.02,2.868715112,84
12.1097104,1.16,2.78401534,349.19
4.75793986,1.16,1.841037209,1211.82
20.4966197,1.16,2.571530311,173.17
3.70175428,0.87,1.574487298,265.41
86.4945,0.9,2.94665311,4.29
61.6178167,0.94,3.42151469,7.022853355
4.27103091,0.94,1.376645274,291.5071257
19.67416124,1.1,2.843175857,150.3673226
5.21104261,1.1,1.992749234,883.9932243
7.76846622,0.96,1.446512943,126.2
14.12841,1.04,2.534337244,44.86472161
31.884,1.1,3.049041756,19.79
13.02365861,0.97,2.603389247,76.38
5.687945,0.94,2.294361738,254.0307149
11.637071,0.94,2.584058327,97.80667672
35.622233,1,2.814412373,19.18593903
8.23984869,1.04,3.237273635,426.7131261
19.59059906,1.07,3.521443902,52.77
60.92832271,0.95,2.981289327,10.55
25.672083,1.18,2.773578556,64.55
14.5539759,1.3,2.520356478,140.06
8.708,0.67,2.556675081,26.24
53.5293487,0.81,2.650413679,3.66
2.52400994,0.85,1.578702693,495.14
3.60694003,0.96,1.91390132,283.23
14.8334,0.99,2.820318175,54.74
70.9674603,1.17,2.57729933,8.44
8.17240047,0.94,2.945795099,127.95
8.67888593,1,2.52283131,128.55
4.02582254,1,1.767334749,357.08
2.50476003,0.92,1.317252035,828.59
5.08005848,1.41,3.425136084,1452.9
31.158799,1.1,3.290097846,32.89
76.732171,1.1,2.977924383,9.89
21.41616926,1.16,2.867959297,126.03
6.93366476,1.11,1.50005856,390.64
1.48028004,1.03,1.096398268,2597.27
6.7968502,1.05,2.318121755,222.91
11.763051,0.76,2.755591866,35.66279072
56.228098,0.76,2.513000669,4.42898396
21.81293494,0.9,3.034441751,24.34002786
4.1957798,0.88,2.1607296,283.78
1.44259224,1.58,2.785838704,10171
5.524242,0.86,2.111339992,184.1339647
9.66857723,0.99,1.693888171,60.61
23.5540725,1.6,1.908608163,516.1
56.49330139,1.44,3.660442252,18.62
25.96200249,1.43,2.9765501,87.46
40.8365012,0.94,1.53172876,12.11
14.58649607,1.1,2.615493873,130.76
10.44089985,0.94,2.605988006,111.52
4.24153639,0.98,1.460098521,371.5408124
29.91136794,0.99,2.884196501,16.82
33.1995648,0.86,2.892636121,9.91
1.34059747,1.11,1.51138826,3304.1
13.5225106,0.93,2.267855926,43.92
38.6519976,0.91,2.442117144,15.04
2.41839004,0.87,2.646719601,535.84
5.3518,0.84,1.426783375,464.9906828
6.2574,1.02,2.813839088,203.1472027
26.321,1.02,2.920638092,30.03063984
3.1190633,0.23,1.2719028,9.443382029
6.38784,0.23,1.95899256,3.630956991
1.3060011,0.64,1.662669497,246.0372376
18.718269,0.82,3.757789079,24.66115149
2.2193023,0.63,1.374036252,95.44698458
2.369172,0.92,1.794667137,596.0742372
4.32421,0.82,3.657219725,176.4011926
4.09639,0.71,1.582254502,89.31265889
12.11839,0.71,2.403617135,21.04096455
3.07133,0.46,1.29517731,33.80462868
4.86784,0.46,1.549415819,18.30064606
11.02454,0.46,1.937969012,6.152198327
10.695264,0.83,3.015256479,64.23507959
51.69906,0.73,2.633989409,3.010894398
84.8396,0.73,2.413592912,1.554995834
16.051137,0.42,2.455006525,2.660465527
37.42396,0.42,1.091337403,0.86102685
6.51389,0.38,3.210969481,7.116239158
26.8199,0.71,2.5143027,14.50778528
13.81513,0.79,1.604697419,36.57249633
9.30075,0.52,2.416215836,8.150766688
1.0697568,0.8,1.827354067,880.6413903
35.86619949,1.01,3.89433934,37.92
5.82352018,0.92,2.658083943,196.33
2.4370333,1.01,2.594414986,1825.3
40.0587473,0.93,3.277527043,13.51
22.597053,0.97,2.181391058,101.55
76.957857,0.96,3.747539044,25.76
28.474748,0.8,2.15921959,10.2535403
7.06317341,0.82,1.098898887,98.83
11.41928253,0.67,2.142539518,18.79020456
47.1611696,0.97,2.578787298,12.64130877
3.289672,0.95,1.571584845,415.43
11.66009998,1.03,1.79349455,114.36
6.24146367,1.1,1.337941795,231.43
6.49801525,1,1.751305439,301.33
19.254196,0.94,2.860608807,37.83655054
54.155743,0.94,3.032273041,9.529849217
14.02639961,1.06,2.014812047,108.07
37.054919,0.81,2.835428047,14.35445384
57.24809,0.81,3.380083583,8.037108451
14.589347,0.8,2.180147754,26.83790334
36.77031,0.8,2.774765861,7.824681481
7.626324,0.8,1.331230945,53.71
15.995622,0.8,1.151906018,19.99
34.21154,0.8,1.280120707,7.25
5.8706191,0.65,1.498767651,37.11
14.13176026,0.85,2.844697707,40.6672774
2.75235975,0.96,2.793189378,489.15
49.6221509,1.07,2.954239773,19.65919105
20.38177573,0.81,3.113554899,16.76887192
24.278553,0.76,2.32187823,8.669918187
2.3522658,0.74,1.363330041,215.051194
24.4002549,0.7,2.244227616,9.18
49.47819901,0.94,2.078110638,10.73
9.478522,1.13,2.598093881,464.77
29.96870041,1.13,3.233572475,40.76
18.207973,0.83,3.165758708,21.08
88.255055,0.83,2.665634035,2.57
13.32388301,0.7,1.967210757,17.00872537
9.576694,0.94,2.711370997,84.57
20.552802,0.94,2.675737994,30.55
96.678988,0.94,3.060169906,3.87
4.7683049,1.09,1.976667662,425.17
5.470319,1.02,1.123143079,300.98
12.758005,1.02,1.50567503,97.21
25.09849,1.02,1.526379278,39.48
55.8226539,0.87,2.262033206,4.44180909
21.38521506,0.92,2.377605479,27.22
9.7678805,0.91,2.227452446,73.59
3.38353807,0.91,1.493937476,316.72
4.311792,0.96,3.207137574,213.3687616
20.050401,0.96,2.737706341,27.49015294
12.309681,1.16,3.061461298,249.02
54.414,1.1,3.901255472,35.74
18.01160049,1.3,1.562887591,150.48
10.08740044,1.14,2.682566905,186.14
3.75574426,0.81,1.754687214,182.5966833
11.36112327,1.03,2.790175911,135.8
6.6264,0.95,2.875438392,151.49
56.7771,1.05,3.444344803,13.74
1.79111021,1.03,1.318026861,1106.85
3.25427,1.15,1.59098302,848.7
91.353282,1.15,1.665001625,9.96
17.671796,0.79,2.550086363,21.31
1.52372816,0.56,1.281259787,173.958331
13.2140732,0.81,2.888909438,33.45785188
24.58721573,0.86,3.090934857,21.69351609
10.399931,0.79,1.372460734,45.39
20.134866,0.79,2.661392657,18.81
8.70419416,0.89,3.077358823,84.41
2.46697439,0.89,1.649158592,453.65
31.805174,1.17,3.112469206,54.66
11.427548,0.82,2.592282477,119.91
23.668205,0.82,2.455406168,45.44
51.755394,0.82,2.858819631,16.01
3.6961049,0.93,1.976140832,318.9454987
10.8540774,0.93,3.216534024,75.86585272
77.611455,0.93,2.854110563,5.507295921
4.309397,0.97,2.080153219,355.4012244
37.3331536,1.1,2.620515819,69
2.60754383,0.99,3.180718576,1527.971099
5.03503,1.09,1.389947181,370.92
10.945723,1.09,2.749220345,131.49
28.986769,1.09,2.586511057,35.89
3.936981,0.88,3.395366159,206.77
7.1262,0.96,1.553993669,206.3552731
9.926746,0.94,2.972631156,105.3
21.2234,0.94,2.664522209,38.22
6.47027579,0.94,1.102523373,186.08
7.97034958,0.92,1.832521588,96.54504624
40.9903986,1.06,2.544155264,35.1973467
27.52197994,0.55,3.457768201,4.010924479
6.511127,0.95,2.612954663,134.36
23.851549,0.95,2.861627699,23.81
4.18200253,0.97,2.658938661,211.88
9.27358194,0.75,2.768943841,44.09
4.4968604,0.55,2.493033143,26.43011634
1.76678906,0.55,1.802129451,91.84707859
8.115317,0.93,2.740551065,140.1555897
36.924931,0.93,2.848550591,18.58909092
16.00460052,0.86,1.970564253,27.41
42.1917357,0.92,2.898700588,20.61070371
5.826662,0.93,3.819548827,184.34
23.2382792,1.17,2.958550812,228.22
4.028751,1.15,1.271960625,619.84
6.124821,1.15,1.544101635,353.97
8.921099,1.15,1.303156054,214.28
11.242861,1.15,1.508842323,157.48
15.955387,0.79,2.42306402,27.68
15.7738221,1.16,2.821095184,185.2
16.07677615,0.95,3.083777975,71.59021036
1.26025909,0.86,3.148875291,924.37
34.1731714,0.92,2.154521655,10.17
2.019999,0.86,1.533081378,417.24
3.763024,0.86,1.576437291,181.7
3.33616,0.84,1.807866953,216.11
20.477912,0.84,3.136426438,19.21
10.41725184,1.01,1.551695507,117.52
8.67900242,0.99,1.75963163,138.9047113
15.1410397,0.88,3.708492676,138.8485962
4.585512,1.17,2.735844556,456.73
22.714613,1.17,3.256974691,54.1
47.903645,1.17,2.651697779,20.01
9.803224,0.87,2.820340905,119.88
10.94027841,0.92,2.09973484,70.97
56.47542,0.91,2.924539604,7.11
92.876125,0.91,2.271761615,3.66
11.89520511,1,1.22098298,83.01
1.31155557,0.98,1.5633999,1695.421598
7.6847716,0.93,1.56122773,108.07
7.1334,1.04,2.274487831,409.4687018
8.9187,1.04,2.463350099,304.0050098
2.71407755,0.98,1.832546187,1063.771348
9.42887179,1.15,3.377708739,255.74
4.08899022,1.15,1.75575036,778.59
13.17562,1.29,3.223936438,234.9417252
4.44448017,1.06,1.590375207,492.4762459
39.31370163,1.01,1.957458409,20.04
1.15116651,0.56,1.605741939,223.0600227
4.46975774,0.98,2.391744216,337.47
37.94563,0.9,2.752013029,11.54688492
5.50860439,0.95,1.41154555,191.81
1.75583533,0.91,1.749846108,695.1825041
20.35972599,0.73,2.315701752,22.37946924
34.2685705,0.86,2.259641073,10.17
6.766589,0.92,1.77462321,91.78993995
85.7350285,1.03,3.12873592,7.44184285
10.495711,1.11,1.77902487,298.09
21.869741,1.11,1.92063879,112.13
7.03902374,1.16,3.546304578,361.4506745
10.99469878,0.71,2.080074695,19.26
13.93290318,1.17,1.504215757,127.24
7.156804,0.83,2.47421156,88.64486241
17.648312,0.83,2.321533281,26.60775121
11.903515,1.12,3.051587146,118.7335055
34.035257,1.12,3.272125463,29.25734249
14.20443009,0.87,2.692941325,43.3212785
59.4970952,0.78,2.684747876,3.061295018
11.1726994,1.05,1.339825032,296.92
2.53573424,1.05,1.405659065,2144.55
1.729366,0.86,2.065053107,609.02
4.180043,0.86,3.937663824,187.2
31.1750448,1.01,1.413631454,21.88
5.195528,1,1.232041104,422.1
8.01041,1,2.023821526,237.43
27.666313,1,2.1242088,45.42
42.473269,1,2.15674069,25.67
2.23749275,0.8,1.464929803,336.67
1.611865,1.04,1.833015177,4097.32
3.071571,1.04,1.780491799,1742.71
5.868075,1.04,3.96125604,732.6
12.53248465,0.93,3.957838606,94.33937634
5.08274652,0.95,1.570432467,185.77
3.292781,1.05,1.815973216,1589.01
9.693201,1.05,2.407192308,376.21
17.14647302,0.98,2.49920444,67.38562437
2.13194651,0.92,1.594415471,621.845242
4.09357325,1.03,2.401508326,395.7774303
18.93054959,0.81,2.155185655,16.1
2.61703254,0.75,1.70443575,196.13
20.4998,1.05,3.443010284,67.67
13.7815,0.54,1.637413411,6.850482516
23.0923,0.54,1.456655815,3.442159506
10.37168453,0.83,2.899261046,42.49
55.6738309,0.81,2.30613423,4.72
3.27582262,1.13,2.790031033,1364.76
9.61375356,0.98,3.734741486,202.78
4.40966548,1.1,1.674125631,568.38
14.53409958,0.55,1.730849736,7.34
18.0540381,0.93,1.654677598,41.51
4.59489604,1.21,1.597137209,844.75
18.7546998,0.64,2.295895804,9.714639751
2.29503623,0.98,1.259175569,647.26
4.30655689,1.22,2.434906589,760.52
15.87364565,0.93,1.804362246,38.23
10.12804789,0.95,2.132031462,95.45
4.921355,0.86,2.386109548,123.4
7.06424,0.86,2.283863957,76.2
17.76080053,0.55,2.426691716,7.512030297
4.35409304,0.86,1.338972726,195.8140731
2.93658468,0.86,1.405452594,331.0682014
13.78730011,1.07,1.231789783,150.64
6.8921299,1.29,1.366989554,454.45
2.46236,1.07,1.56906732,833.47
4.822962,1.07,2.130684559,339.54
2.240508,0.59,1.520084668,164.78
6.827766,0.59,1.700168392,37.38
38.5760994,1.17,2.401656257,34.77
2.94902905,0.78,1.553331982,206.87
34.3511874,1.02,2.782227582,26.93
37.10110092,0.89,3.587141978,18.95
11.87456832,0.95,1.362643886,77.56
39.67679977,0.81,2.185451321,11.85
9.182417,1.21,1.4161392,429.81
37.8144514,1.22,3.173576393,46.3
8.306,0.92,1.976644251,107.03
12.513,0.92,2.06979234,61.93
1.10446351,0.81,1.728321431,815.41
3.132924,0.82,1.696805399,201.49
5.925003,0.82,3.228007587,86.33
11.349393,0.82,2.888277757,36.29
13.28535633,1.28,2.586518235,147.05
7.05395,0.94,2.117723081,117.33
2.80012012,0.69,2.047894623,197.81
9.939632,0.81,1.474590387,61.67965102
17.738506,0.81,2.094572872,28.49353044
5.94504102,0.84,2.407895717,119.4628844
1.25275217,1.11,1.699842276,2399.97
6.475434,0.79,1.860068784,69.57
16.85837,0.79,2.225552582,19.4
49.499875,0.79,2.508730663,4.62
16.087845,0.93,2.452795138,48.66
41.749882,0.93,3.219710138,13.64
6.88705,1.08,1.352511279,478.21
12.8159,1.08,2.265331005,208.66
35.3331,1.08,1.660128183,53.98
31.0033814,0.97,2.817155432,25.22116536
2.139542,0.96,1.55431796,821.89
22.951,1.32,2.265737941,154.71
10.65276707,0.85,2.264731113,56.7320525
53.5991044,1.05,2.674096532,18.04
2.936532,0.94,1.534118342,285.64
8.014927,0.94,1.557241086,74.89
18.42794624,0.83,2.068081993,16.88
35.01190186,1.04,2.580304635,31.35
9.034199,0.73,1.822189908,37.32
45.902733,0.73,1.51338236,4.27
22.9221266,1.06,1.786112727,84.83
10.86060047,1.09,2.250076913,356.24
26.85328322,0.87,2.506223718,13.96
15.77979614,0.98,2.425540014,66.27
11.35011917,0.59,2.542921796,15.70080576
10.43547805,0.9,1.395703628,75.96
42.9495649,0.88,2.795200311,9.55
1.28707676,0.63,2.077573905,282.5305079
27.6655226,1.05,2.556252207,48.95
33.4177993,0.81,2.874020612,8.834954049
17.833648,1.21,2.967993261,143.5172378
13.7521072,0.75,2.499194913,20.5392645
7.061149,0.57,1.491588093,21.79238429
17.1369543,1.04,2.994178569,115.1216916
65.70459747,1,2.940178857,10.02
32.5637069,0.89,2.078519115,13.31982567
12.2854603,0.63,2.442482807,17.67
5.53608151,0.63,2.189888752,51.04
20.9568158,0.63,2.742006908,8.66
4.59238005,0.89,2.641225413,172.6
5.14438011,0.81,1.617896948,129.7264743
10.00652995,1.04,3.610653569,144.9501622
49.1013514,0.91,3.108175532,10.97186359
9.46781405,0.49,2.615076825,8.181382728
1.41122985,0.7,1.419374993,330.25
1.68269615,0.51,1.568277239,95.44586131
6.02930132,0.7,3.197057813,45.53
68.8861915,0.97,1.891460859,21.62
8.36086824,0.76,3.484085403,38.1
21.10339928,1.07,1.71302579,62.99
17.4211749,1.05,3.20904172,47.34
7.56052806,0.94,2.83483948,146.8446479
23.67517607,0.84,2.805389722,20.18
39.7922622,0.79,1.997630432,10.23834741
5.83598311,0.93,2.054334903,149.13
2.68505749,0.84,1.332676111,288.57
26.41045478,0.86,2.90680829,18.05388539
2.36172433,0.72,1.641389622,150.06
18.39629936,0.88,2.249572975,27.09
10.04556931,0.96,2.459335443,90.63
4.22162536,1.01,3.615793337,718.08
20.16034462,0.8,1.436971294,15.29
5.94566534,0.6,1.260677172,25.49817454
9.94067247,1.23,3.026000953,227.82
5.39202539,0.82,3.051503629,112.6782305
11.5231,1.08,3.439972578,178.83
37.3229493,1.09,2.431101595,17.95
29.00790538,0.85,2.78625168,15.23
24.806,0.97,2.905358176,52.35
44.347,0.97,3.271281552,24.11
11.51516988,0.85,3.025107239,38.60587182
6.98152703,1.45,1.330220199,975.81
6.26406846,0.77,1.59268692,80.74
20.739886,0.85,2.188638876,20.73
47.427737,0.85,2.542071426,6.88
33.8786838,0.93,2.610770713,16.89133649
6.33855761,1,3.170319641,266.27
3.27646405,0.95,1.877426876,374.9720284
22.79020351,0.91,2.686311259,35.18225952
9.54927542,0.33,1.802792056,5.892091592
12.28,0.54,3.46245051,10.69885718
17.2559,0.54,3.254251331,6.797539273
3.543919,0.62,1.476010418,31.79
46.827915,0.62,2.608144869,1.637809921
5.83376092,1,3.455766341,410.2077645
14.435889,1.27,1.533560742,159.16
29.393195,1.27,2.530299828,61.69
48.630408,1.27,2.720298504,31.52
16.57110363,0.88,2.197053917,33.48
27.9481449,0.62,2.267714194,6.300753519
42.1516418,0.62,2.210448669,3.642871167
2.211099,0.63,1.900107649,195
4.617534,0.63,1.772488676,73.16
10.198545,0.63,1.860058125,25.44
13.391635,1.2,1.112865464,225.33
5.715442,0.83,2.323713966,115.5
33.42035034,1.03,2.143475258,25.94
16.301259,0.8,1.424141863,20.51
16.56059504,0.85,2.302560538,55.97
32.376183,0.75,2.15990278,6.155741424
92.7297248,0.75,2.80539169,1.513407688
25.9422033,0.81,2.894989758,23.57481993
15.79,1.18,2.662882571,158.31
82.2,1.18,2.857670584,17.55
16.336334,0.33,2.148677075,1.574369471
8.27744007,0.89,1.223161478,331.35
1.09366356,0.91,1.421051876,1705.76
17.97979059,1.24,2.931999601,94.14
8.77424,0.83,1.274981717,83.63
16.2385,1,2.464668988,57.52
10.139623,0.63,2.4478478,33.46
43.595792,0.63,3.358522265,4.79
3.162697,1,2.656690478,668.22
5.370647,1,2.639719502,329.79
11.32972,1,1.529169059,121.82
10.3039,0.96,1.861600209,122.6617085
13.0241,0.96,2.972843328,88.72055272
22.6845,0.96,3.232490702,42.27935934
46.6888,0.96,2.583372267,16.25218573
3.62276006,1.03,1.718089081,683.84
37.30369949,0.86,3.208207487,14
7.05677,1.27,1.619268882,438.94
17.265427,1.27,1.285680125,133.26
9.51216,0.67,2.522239139,18.66
1.60932005,0.61,1.990762695,199.28
11.95398936,0.7,1.953231261,14.33013216
4.60358,0.79,1.503571591,108.04
14.08827448,1.07,3.563420856,69.21
10.29672521,0.63,3.211591145,58.82207746
18.49235668,0.93,2.914703257,25.06
19.17891293,0.93,3.237907992,45.01020329
5.1856142,1.26,2.483439896,652.97
8.45808312,1.26,2.332903573,339.57
4.14787559,1.3,2.030728315,1195.2
9.97721005,1.04,2.693438452,93.64
8.726,1,3.417988795,222.19
12.883,1,3.3961116,132.23
4.224537,1.06,1.87594736,927.8008391
27.434389,1.06,3.515681447,76.57726692
44.552169,1.06,3.01607054,40.11761585
20.4415,1.02,2.065203,51.56255766
13.6088,1.02,2.07667635,88.70028688
20.310501,1.34,2.848459154,198.72
87.9732136,1.04,3.506403081,10.71
12.14680004,1.19,1.589486169,162.84
5.487,0.76,3.03097758,112.91
8.291,0.76,2.673775057,65.1
16.738661,0.85,2.625364537,25.63463125
3.20538,0.82,1.771014524,236.11
4.778,0.88,1.821876193,173.12
9.67395,0.88,2.630027279,67.59
42.8961,0.88,1.98218621,9.29
7.518496,0.81,1.597896824,79.75
24.3078946,0.89,2.288238204,19.87
26.67569,0.9,3.047658265,34.3698352
58.034616,0.9,3.973512526,12.19220282
6.342,0.65,1.471604652,27.03178744
13.85,0.65,1.809904572,9.540367891
10.0546535,0.55,2.245045837,10.28176754
24.646729,0.55,1.585800544,3.115654478
44.55603,0.55,1.461108176,1.414457985
1.9741954,0.51,2.152369132,61.39974011
11.7195663,0.89,3.37649163,45.51770167
7.810253,1.06,2.72914376,246.2076544
2.6446,0.33,1.987577592,20.89859591
14.6762429,0.82,2.198007606,23.3043522
3.67626,0.65,2.319408581,60.69595965
7.95486,0.65,2.319408581,21.72163398
7.17256,0.88,2.538308938,134.7909653
12.409,1.32,2.403781057,274.8504576
3.27108,0.88,1.553098258,345.6960583
3.58599,1.15,2.04203776,967.9302101
5.97293,1.15,1.899374848,490.9154796
11.23,1.15,2.117565184,211.4392611
5.6057,0.92,2.23173048,201.545013
12.2737,0.92,2.861137386,70.98592503
15.852975,0.94,3.529384477,62.36816794
8.357881,1,2.306347785,119.9212645
17.9636,0.96,2.688315175,22.48737845
4.9899093,0.14,2.357976667,2.453143523
17.30713,0.74,2.979731709,11.62948828
12.9460978,1.16,3.659616205,417.9081185
17.6700642,0.95,3.793612437,147.8116531
40.6069821,1,2.41643069,12.39
16.3583055,1.36,2.10956662,248.4391517
27.014976,1.07,2.090346027,49.85
7.31946363,1.38,2.092795882,323.29
23.637604,0.96,3.507824468,31.68
67.093408,0.96,3.686838703,7.88
24.4973698,1.14,2.774933504,60.42
28.2274184,1.05,3.511510554,29.98028912
20.09838,1.15,1.611153369,90.35
62.784697,1.15,2.300854682,19.79
7.05246,0.73,2.917466936,42.76513012
9.52355,0.73,2.928484451,28.62789702
3.07222,0.73,1.760576076,129.763912
4.64489,0.73,1.803336272,74.48637261
41.7083629,1.44,3.711927794,77.32
8.63847725,1.01,3.71783237,312.34
24.2758007,0.93,2.313595564,26.68
19.672266,1.12,3.008485807,82.83
32.657212,1.12,2.750850396,42.15
73.75039673,1.41,3.330170629,9.64
7.99019627,1.1,1.587682173,223.44
3.95140004,0.85,2.883199823,324.78
10.2184954,0.95,2.278160068,130.5172885
15.5741568,0.95,2.335754575,74.41227639
40.101371,1.04,2.531857347,18.24
4.17625551,0.85,3.119085818,139.24
8.94340992,0.87,1.56496494,188.93
13.5708,1,2.512598088,96.91
43.8445,1,2.577373344,20.29
12.28849983,0.93,1.251630054,164.61
29.4557991,1.02,2.395832436,30.3
16.79713874,0.75,2.325038512,13.28874046
4.162817,0.9,1.560799147,176.7856521
11.2954,0.77,2.167550131,30.78026696
10.1346454,0.41,3.214462471,4.856157376
14.1330314,0.79,2.441706413,25.96842349
6.413651,0.39,3.07965962,8.600985164
30.951524,0.62,3.016564546,2.894537352
35.189346,0.33,2.189744575,0.571617264
1.0662107,0.99,1.235313661,2033.833141
4.1374354,0.86,2.848409521,161.9372785
16.9780102,0.84,1.610017419,25.35256319
50.818947,0.88,2.267048893,8.131974184
3.0766896,0.16,2.715752872,6.664559909
4.144965,1.16,1.380016509,988.4306923
3.6977104,0.39,3.074446653,18.15990573
3.98442,1.02,2.37420477,491.8753203
7.44628,0.37,2.6760223,5.692459145
4.93777,1.04,2.863732862,264.2589158
4.30744,0.87,3.181697914,200.0740786
5.904144,0.87,2.67506572,131.4035867
18.6559,0.87,3.4616736,28.33967514
37.9216,0.87,3.560156415,11.00612068
5.07803,0.31,2.886487373,8.247748735
4.4929,0.58,2.133048743,32.87784871
9.0497,0.58,2.543947651,12.9083882
17.66484,0.44,1.343482315,3.044926211
28.17232,0.44,1.486282892,1.634153693
3.76182115,0.97,2.56787978,430.5562494
2.940309,1,2.612453522,626.92812
6.388996,1,2.801647428,222.7571021
14.627119,1,2.39309782,73.82384394
35.118736,1,2.799325941,22.96271378
9.95661537,1.06,2.714966128,142.4307235
7.23400469,0.93,2.044031291,119.6
8.22241966,0.67,2.66323703,24.06
36.5156053,0.79,2.192348955,5.99
10.28891,0.9,2.67227495,56.97642875
1.26909037,0.82,1.569618254,889.89
2.85313364,0.82,1.415138032,302.57
4.166972,0.91,2.729164374,258.607143
11.463462,0.91,2.944889584,67.08831719
39.595519,0.91,2.035793574,12.84911569
8.410894,0.55,1.92833261,19.15270079
15.13589954,1.24,2.207775405,179.16
38.6715075,0.96,2.755245531,20.01
12.19139957,0.86,2.221365128,80.01
18.47764449,0.34,2.373244224,2.274983969
8.0880135,0.87,2.630990072,77.84
20.03479958,1.25,2.18824102,207.16
3.15722086,1.25,1.33910385,2185.397605
13.4845,1.17,3.60230409,153.3672087
27.4029,1.17,3.86192961,60.03728217
81.0659,1.17,3.62590641,14.09060458
5.342657,0.85,2.240035,137.75
16.34359932,1.01,2.805430761,67.34
5.374943,1.14,2.484709845,1366.48
8.586004,1.14,2.020528143,730.81
3.88689525,1.37,1.447740084,2099.75
20.83424726,0.9,2.882234234,27.17903963
9.76298046,0.77,1.781046521,57.59
9.325038,0.68,1.917610363,17.69247844
15.50192,0.68,2.425231751,8.925823691
2.74697,0.48,1.743334003,58.67627816
9.99767,0.48,2.197659342,10.48209718
19.562307,0.7,2.722947012,10.06137948
12.98495573,1.06,2.155467786,163.05
34.169,0.9,1.142598146,11.67
4.385315,0.87,1.316277063,194.34
51.805612,0.87,2.960140228,7.23
4.79859939,0.93,2.699180963,219.04
29.88485741,0.78,2.884162058,10.01
8.239493,0.36,1.181057259,4.220820105
13.97896,0.94,2.921222839,24.1847449
7.8142,1.16,3.245153435,391.8891173
18.311,1.16,3.318823301,125.9124816
19.5666,0.96,3.059569245,59.50758571
6.5577,0.65,2.521788788,36.60895789
9.961881,0.65,2.164715189,20.96368507
15.231915,0.65,2.241280678,11.90099893
4.07445,0.71,3.909460943,75.7007069
9.192522,0.95,2.925156807,82.67885968
4.069427,0.68,1.743708067,108.5
16.282493,0.68,2.094956883,17.07
13.726976,1.1,2.683458346,256.61
24.310856,1.1,2.581847876,119.65
44.431014,1.1,2.936259149,53.56
9.341,1.14,1.718546231,428.52
4.715106,0.7,1.701312741,124.96
8.103636,0.7,2.481063858,60.64
47.9872764,0.96,2.723596123,8.29
7.542427,1.1,2.012467451,376.29
11.932125,1.1,2.335823567,203.76
4.8026345,0.18,1.491885164,4.246282228
5.6605731,0.39,2.340964055,8.085475664
11.379573,0.39,1.946355485,3.186134785
8.77683,0.79,2.436005152,75.47552921
3.795963,0.87,1.615948364,345.0243075
6.203449,0.87,2.072962619,183.9447101
14.175685,0.87,2.541555558,61.30023213
19.590025,0.87,3.08392442,37.83847743
29.54115,0.87,2.019226581,22.87878412
6.26791,1.1,2.162617205,332.7917642
41.6855,1.67,2.576892556,19.35970921
10.8772,0.56,2.28844161,8.122668104
83.9997,0.56,2.22976362,0.532130167
3.2253993,0.71,2.052116591,118.5048781
7.3744897,0.71,3.176022074,39.45908175
2.8531054,0.52,2.27773315,44.30552027
3.471745,0.83,2.600921029,190.0967037
7.138048,0.83,3.552203795,72.71082279
10.45582,0.83,2.49474337,43.70799456
14.76289,0.83,1.95953891,27.5936933
14.339156,1.13,2.45726376,127.8384154
2.633867,0.82,1.43012576,428.41
12.92491623,0.87,2.547718319,34.09
16.202159,0.8,2.49868911,26.25273323
3.68992629,1.08,2.640876708,583.9346217
14.09258319,0.86,1.75067149,30.1
38.3774623,0.95,2.890571532,17.00519445
5.60014851,0.85,1.695250839,150.629728
9.488015,0.92,2.6112417,81.67383082
54.418694,0.92,3.11230118,7.955227241
10.06082567,1.01,2.85978959,183.84
22.12679948,0.85,1.743361075,16.32
27.5722742,1.04,2.517201101,49.66
4.79028459,0.95,1.160173174,194.98
13.683256,0.96,2.484031468,77.76297354
13.3397,0.95,3.188335745,67.69270945
1.921036,0.89,3.857591097,458.092869
4.169783,0.95,3.010450839,293.4639074
5.86601526,1.03,1.857764832,419.8214577
5.69919514,1,1.000583626,120.1655431
35.968,1.17,2.976602216,40.84
7.19303878,1.06,2.320807384,335.3642428
12.691112,1.07,2.168689511,153.88
31.719775,1.07,2.603774789,45.34
6.53192704,0.89,2.689770248,153.14
7.008151,1.2,1.438259542,288.8948508
8.719375,1.2,1.688351841,215.8890394
59.73667,1.2,3.172651693,16.59165555
91.93913,1.2,2.929472169,9.337068586
7.12811928,1.45,1.438561404,1003.03
25.193458,0.82,1.793870292,13.80132742
4.544439,0.92,2.303830396,210.55
12.762172,0.92,2.040981085,53.04
38.715185,0.92,2.268385722,12.08
9.825792,1.16,3.070641082,239.79
3.24755522,1.07,1.515882947,442.52
1.84788917,0.96,2.200502256,1513.46
14.383035,1.17,2.438015848,254.25
47.318218,1.17,2.867331852,52
49.6077331,0.86,2.341556034,7.89
2.05333679,1.12,1.067674704,1766.59
4.49876092,1.03,2.952911315,487.3037709
2.735926,0.84,1.86921395,360.26
6.40013,0.84,2.460559327,115.98
2.984151,0.18,2.36372864,17.66
4.871229,0.18,3.758888,9.18
8.6893073,0.89,2.83027889,58.44
20.99757968,0.82,2.84896747,14.48340613
6.2216147,1.21,1.659450648,380.13
7.650254,0.88,2.557081509,77.54
34.260281,0.88,2.67313071,10.51
1.55400393,0.88,1.761656729,651.41
34.060467,0.94,2.799557499,21.04709884
83.488369,0.94,2.739234995,6.368322801
3.8867907,0.48,1.271113538,32.9900611
7.267302,0.48,1.439109911,14.32211145
13.342996,0.48,1.656058511,6.37040219
22.407704,0.48,1.492487823,3.191353023
4.977656,0.93,1.477508267,159.94
6.988055,0.93,1.263557718,101.84
10.558345,0.93,1.247573913,58.65
6.91134416,1.01,3.072692373,683.8525235
22.20813214,1.34,3.762748585,160.61
1.93155984,0.98,2.110850664,710.02
2.97041437,0.8,3.177200082,775.0647923
10.71252541,0.59,2.76538407,26.23
8.98101683,0.87,3.182976737,166.04
16.84189987,0.94,2.441441464,56.43
13.0313945,1.15,2.982612031,53.42011815
14.97435694,0.87,1.404521545,39.32
5.262155,0.88,1.569632457,381.46
7.416397,0.6,1.673048901,40.69
18.684737,0.6,2.632470311,11.87
27.495606,1.12,3.026773241,56.91
59.36249924,1.01,2.83913657,24.33
5.99185702,1.29,2.343800797,740.17
1.73513619,1.03,3.391260012,1355.710512
1.43474156,1.01,1.625413747,1740.86
3.13878989,0.68,1.153427537,257.32
84.6866,1.59,3.382294166,31.27
17.31716585,0.79,3.162085891,24.63
4.938864,1.11,1.6751091,651.602007
10.640263,1.11,3.404102465,234.1793985
16.332995,0.83,1.37275901,26.37
3.353728,0.54,2.288811343,40.18467941
6.87745,0.54,2.600256725,15.42390594
28.464515,0.54,2.598264709,2.321093164
28.51120525,0.78,3.426358187,8.77
8.8803256,0.81,3.401817679,109.8219992
28.579743,0.81,3.195802207,23.11266933
38.353037,0.81,2.988761782,15.61450372
10.065275,0.58,2.241269409,11.89179262
19.271566,0.58,2.411916874,5.001790662
9.75376,0.96,1.773295844,103.3
2.33743801,0.79,2.652728099,308.55
24.7576421,1.06,3.931647695,117.96
6.8430344,0.88,2.17141344,113.0430191
5.188549,0.77,1.489687171,92.53
8.041,0.56,1.924917514,51.62
11.776,0.56,2.99481679,31.02
2.225177,0.93,1.564328989,644.9202348
34.989262,0.62,1.384777617,2.720042336
3.31494634,0.9,3.542457833,339.4
3.01619005,0.99,1.678816293,1044.49
43.3167737,0.86,3.605444331,12.95924746
5.955,0.64,2.598627891,39.95
12.04,0.64,2.430736131,15.62
5.929778,1.02,2.211747179,248.27
12.247629,1.02,2.311325128,94.49
5.7293196,0.83,2.687296992,124.35
11.6092567,0.83,2.02066737,48.57
66.5579057,1.2,3.214450436,35.29
19.32952416,0.8,2.632443708,16.88
68.9583216,0.91,1.093002001,5.94457086
59.65829849,0.89,2.52415274,5.66
17.8999,1.24,3.804650276,93.82467587
11.008151,0.6,2.46547664,16.26
15.0447198,0.94,1.371972266,129.2657886
10.27530003,1.45,3.437771705,522.13
5.35016198,0.96,2.671327578,183.17
96.16987,0.77,3.692917104,4.441238063
12.331,0.9,2.459030727,43.62
15.943,0.9,2.753626424,30.97
4.41745855,1.4,2.520728881,719.37
3.16789194,0.97,3.04798343,428.0519902
4.22864,1.16,1.63270004,639.58
7.466623,1.16,1.465797323,300.17
11.131786,1.16,1.187786754,176.28
16.259458,1.16,1.402414888,106.34
16.8320729,0.96,1.653307979,36.16
6.41251504,1,3.68981195,270.16
87.6451,1.21,3.992935124,13.49
47.7055,0.75,2.491361036,3.42
17.815815,1.04,3.131136424,52.09953269
14.878296,0.88,3.357096432,215.14247
3.35183158,0.95,2.990741754,905.4329859
10.043686,1.12,2.560981483,143.92
15.163161,1.12,2.68070539,83.16
7.1073,1.11,2.026056748,446.11
10.7421,1.11,3.60698744,257.39
15.274299,1.1,2.544990678,161.04
4.28095859,0.97,2.901261348,322.7834387
33.653079,0.82,2.764314915,7.99
15.7259,0.86,3.173571841,31.12124704
3.73089898,1.02,1.707353034,539.946505
14.646008,0.95,3.2726365,75.15376609
1.897806,1.04,1.709951703,2014.66
3.282807,1.04,1.773974136,966.59
5.028219,1.04,2.000961596,548.1
6.2171292,1.01,3.08070157,650.3713814
18.2206421,1.18,1.785086906,71.82
22.70816791,1.19,2.424613884,80.98
2.248329,0.85,1.96773615,783.45
4.580358,0.85,2.129662012,303.62
6.766888,0.85,1.9150718,180.64
17.42395198,0.89,2.536332831,34.35197366
59.6225257,0.97,3.109931127,8.926324525
39.75289917,0.96,2.499513923,24.54
14.82009983,0.79,1.129231517,21.92
6.61833,0.95,2.944587779,230.4
4.915379,1.03,1.668266462,296.15
13.093921,1.03,2.215790602,80.1
1.4444538,0.81,1.306174998,713.17
26.9644317,0.9,3.457647049,38.24786383
5.960392,0.99,2.813394522,149.98
3.98953967,0.9,1.26218136,259.03
22.0459018,1.11,3.750855187,60.14959566
5.433074,0.79,1.55989889,123.8
12.759712,0.79,2.557325868,39.63
25.751974,0.79,2.34056116,15.54
81.3151059,0.94,2.270499476,3.58
1.95452434,0.99,2.230611348,1129.14895
31.58889961,1.02,2.904971259,31.79
16.92344113,1.01,3.625195182,64.11696811
13.71220213,0.86,2.372173657,39.37113266
2.22649109,0.54,3.228663895,144.4223204
5.72092009,0.51,2.731166077,15.84
2.89221751,0.66,1.413834415,124.87
36.4333452,1.04,2.019036425,19.68322946
62.5611,0.96,3.12992988,7.13
17.44490636,0.87,2.647241292,39.01
5.968734,1.21,3.48972797,594.45
13.07163,1.21,2.375439477,208.98
8.0109434,0.51,2.03509137,11.03861779
12.0717249,0.51,1.535497872,6.38950392
20.995694,0.52,1.502418792,3.015531177
5.62153941,0.99,1.434311835,266.25
21.02247699,0.84,3.459488614,20.24865003
40.0686727,1.09,3.949536965,31.62
44.96417488,0.81,2.353389209,4.96
5.15448442,0.89,2.390417517,176.69
9.360672,0.94,1.420907743,105.07
14.667108,0.94,1.359550819,57.69
30.864423,0.94,2.335659362,21.4
68.16101,0.94,1.660754443,7.44
9.99761851,0.98,2.594686006,103.3030553
90.4113556,0.98,3.523429293,5.482911969
51.06740189,1.06,2.690674832,14.69
21.347262,0.88,2.389800477,30.24
4.88083852,0.78,1.473259948,94.61
47.0569043,0.86,3.356499293,7.92
5.63252845,0.87,2.355505846,148.46
59.87756,0.64,2.935835165,1.608697638
13.47469571,0.89,2.499046302,48.19871112
36.2919336,1.08,2.820083868,35.62011265
3.97076766,0.79,1.502850828,163.404098
18.78425728,0.7,2.407916704,9.16
9.387427,0.61,2.143732583,52.94794737
12.05707239,0.93,2.015429459,53.82
34.8538276,1.03,2.904028522,20.98
3.619337,1.02,1.711956005,460.66
44.699576,1.02,3.447241415,16.15
8.79617863,1.1,1.681688247,118.52
2.57885507,1.05,1.839030282,553.06
3.1739171,1.49,3.347610529,2381.77
25.30889748,1.16,1.675450347,60.37
65.9409,1.02,2.986414662,10.04
17.13263989,0.84,2.434192119,30.42787295
19.1187753,1.06,3.206886948,150.1633636
3.17926292,0.94,1.340644591,397.25
7.411141,0.98,2.651128588,228.28
2.54307286,0.99,1.441473009,995.67
6.668391,0.61,1.588420354,39.26
10.848463,0.61,3.202757968,20.51
5.10137945,1.04,2.735526007,233.62
5.03728015,1.3,1.306585098,813.52
19.78297415,1.01,2.46977632,68.97
19.58550072,0.91,2.522457183,46.51
6.56606007,0.81,1.628616172,86.27
42.42720032,0.87,3.17090613,14.33
4.33946454,0.93,1.665910151,190.02
2.345863,0.8,1.353425062,232.5584084
3.64830183,0.8,1.466244727,129.0668049
5.64491415,0.8,2.84346728,72.12056469
8.74292005,0.8,2.12333365,40.24638688
92.4362973,0.9,2.515585524,3.79
24.7543966,0.76,1.945009224,10.77
2.580827,0.85,1.456681047,400.2858823
3.715335,0.85,1.468399763,246.254869
7.055679,0.85,2.353970865,104.7121425
11.97901,0.85,2.357804289,51.69964504
20.834237,0.85,2.511346339,24.71792429
16.8601286,1.09,2.417369283,122.4774179
8.5083244,1.02,2.929863195,193.68
19.288004,0.23,1.613939754,0.624082612
5.18500207,0.73,2.195206833,109.4893584
31.5922646,1,3.488032503,194.39
17.157236,1.02,3.042505372,389.1233015
7.67463016,1.08,2.243439853,198.67
4.51005748,0.88,1.572908236,206.41
9.946047,0.87,2.991045792,91.92682742
1.04562266,0.9,1.384237052,1811.315604
2.66831376,0.9,1.531433463,436.7985733
6.562331,1.03,3.176250034,721.12
67.844469,1.02,3.040874121,32.03
8.09219642,0.99,1.386299882,413.6
15.28469497,1.08,2.42872303,128.78
22.24813967,1.01,2.571595221,35.06
11.17394617,1.04,2.244986867,130.6659785
20.4905,0.96,2.372503005,36.01
6.9913086,0.78,1.820636707,54.11
7.34370995,0.86,2.176251996,117.5
1.06378867,0.82,1.398453686,1015.43
8.50699658,0.89,1.470758773,83.63800989
11.5789,1.2,2.483307533,257.98
16.399235,1.2,2.416824661,162.04
65.6488341,1,2.942233523,3.698448653
4.13827595,1.13,1.08226339,738.18
7.25696522,1.21,3.903851657,495
4.60182,0.79,2.259180633,141.61
11.187161,0.79,1.545165176,43.21
17.58752333,0.96,3.772046013,42.54
4.790936,0.95,1.375602215,185.3507844
16.514043,0.95,2.788831176,35.5972984
30.133001,0.95,2.848776322,15.96485846
99.640161,0.95,2.758587341,3.240726346
1.11854972,0.74,1.17540383,544.53
12.43931193,0.81,1.365448805,35.41
11.38848,1.14,2.300963952,117.3
50.697494,1.14,2.687965511,16.03
12.06222443,0.94,1.666746868,62.95
14.37508035,1.04,1.784872353,84.8930246
2.795906,0.82,1.690830418,308.88
5.690586,0.82,3.120558847,119.84
10.04156,0.82,2.863536398,56.29
18.369917,0.82,2.762998937,25.16
8.486616,1.17,1.693343902,411.9
55.188023,1.17,2.943449698,33.95
69.8956,0.89,1.998484112,5.33
9.97683705,0.91,2.839582578,83.49
1.9214374,0.87,1.483064274,562.22
24.3347127,1.19,2.764388949,77.07994152
43.0342272,0.96,2.203927749,13.99
12.70639992,0.94,2.471230388,55.86
14.36267939,1.34,2.988108347,254.96
9.07097734,0.9,2.821317678,77.1
6.96710269,1.39,2.39688912,375.65
13.72465129,1.04,3.044945512,229.31
8.3265153,1.11,2.98678369,311.3415352
3.306539,0.51,1.333958767,33.58360662
7.113702,0.51,1.679950028,12.09199547
15.368459,0.51,1.625503194,4.329639825
8.408878,0.78,2.460317857,123.82
28.574263,0.78,2.714674118,24.25
7.42693741,1,1.429415505,177.84
17.232366,1.01,3.182662367,138.81
35.58100128,0.75,2.304750474,6.22
12.2057513,0.88,3.274359101,39.91
6.6513802,0.88,2.759415281,89.63
6.919798,0.95,1.482130482,305.95
19.446355,0.95,3.458117739,77.05
46.4063358,1.15,2.877042683,28.77
16.10467749,1.25,3.284148524,430.69
7.33683936,0.92,1.76522276,123.6440695
5.75322197,0.91,2.47700505,108.79
45.1263042,1.16,2.399547346,30.06
2.382667,0.85,2.06640643,749.0729709
27.5073799,1.06,2.633157617,41.43
3.743208,1.28,1.532140232,1027.064406
23.58914398,0.84,3.013916847,15.57
34.545,1.08,2.310650817,25.91046411
26.7575866,1.11,2.28090198,42.1112191
5.923653,0.67,1.506905418,99.49
5.45849832,1.15,2.237412477,584.35
58.6017925,0.99,2.261211526,17.02
19.65640068,0.83,2.401939817,21.5
3.14866453,0.88,2.666324136,346.0134411
8.990889,1.07,2.652340311,209.1
14.16399294,0.93,2.385310831,46.36
15.59461874,0.96,3.926861396,76.51624482
24.1738579,1.01,2.289746336,26.09
5.90124,0.58,2.445651179,21.35106515
8.7522,0.58,2.295014052,10.68
22.7802,0.58,2.811773767,3.525877387
2.896,0.58,1.559602067,55.15850743
9.91723428,1.05,2.228328247,117.0252661
4.99678284,0.86,2.659194673,143.2885112
7.010606,1,1.635740417,77.41
25.8476,1.23,3.039702077,48.23
40.7157,1.23,3.421557606,26.34
3.504725,0.97,1.690083461,361.5808254
19.9157725,1.11,1.647566668,85.18
13.59049988,0.89,2.690176561,64.8
96.101141,0.98,3.728306605,6.110319508
10.41889954,0.95,2.149860416,126.48
4.164389,0.54,2.994887038,31.33064425
1.00393374,0.79,1.767700848,917.5694782
10.33974,0.76,2.743205867,61.92646442
13.28613,0.76,2.769214676,44.32932446
21.21708973,1.08,2.976139311,61.02
2.024152,0.99,1.910475443,1247.91
4.761702,0.99,2.752968665,399.44
41.809118,0.99,1.703777421,22.07
30.65279961,1.16,2.753767905,87.69
5.599308,0.86,1.194987647,431.26
10.349695,0.86,1.4549567,189.97
15.677563,0.86,1.383533032,109.09
14.03491514,0.85,2.391833941,37.2
1.772419,1.2,1.38925878,3245.464409
19.747412,1.23,3.737339943,128.2928797
71.4517775,1.25,2.028346229,16.85
15.0337,0.95,1.83221551,47.32
11.815007,1.02,3.428188436,96.51
22.064,1.11,2.361313773,60.81
21.3587621,1.01,2.847489173,49.52184667
5.78387022,1.12,1.984168368,288.69
10.446347,1.07,2.981901021,265.19
40.714955,1.07,3.762443549,43.25
10.35509,0.82,2.568317046,80.52601575
21.01538,0.82,3.899526547,31.35195572
35.12537,0.82,3.893876421,15.81348975
70.6979061,0.97,1.944110305,7.85
13.817124,0.95,1.391788381,72.12
41.885775,0.95,2.713036808,16.42
8.19594955,0.73,2.181368307,48.2
15.413135,1.19,2.952581999,213.73
12.699149,0.92,2.372823301,47.74208017
37.514456,0.92,2.569408097,11.26339441
6.77408868,1.08,2.356376954,225.318479
2.10472218,0.94,3.074374585,705.05
6.1799844,0.86,2.41816501,96.5363674
6.308205,0.9,3.324682283,103.2233319
4.33642933,1.22,2.135275263,1166.311801
3.00725242,0.94,3.36204439,1501.003744
56.4349938,0.96,2.484209032,10.86
25.563222,1.14,3.31303735,21.09744834
5.12330347,0.97,1.541706873,198.5665145
11.55562343,0.93,1.940095043,55.76
14.37457351,1.01,2.122497338,83.43
9.65185017,1.01,1.17664826,141.84
13.722341,0.81,3.123733466,114.0496003
30.8638931,1.19,2.730041357,86.47
33.3855938,1.02,2.5700527,29.13
3.53232449,1.03,1.680770099,453.14
51.07926307,1.04,3.677878998,22.53841709
3.70921385,1.04,1.551400668,743.9442849
16.78176602,0.82,2.42996618,21.53
1.21699766,0.8,1.689354104,630.961671
40.0306015,1.16,2.164264579,34.19
4.431222,0.97,3.682653911,388.970105
11.379349,0.97,3.705533397,110.6091391
12.39358604,0.87,2.540692406,45.77972099
3.137873,0.85,1.47682201,255.58
4.302149,0.85,2.308866745,168.19
42.994,0.85,3.448250103,13.73
6.45442009,1.02,2.777640928,234.98
4.134444,0.95,3.062293261,408.9073016
2.05387982,1.02,2.54724453,1073.661309
2.75798267,1.09,1.592830214,788.5
11.59822172,0.51,2.841254636,6.849877658
2.298,0.6,2.27591967,78.35965867
8.205,0.63,1.688721805,19.57096778
8.472382,0.85,2.871465113,70.62212113
60.418955,0.85,2.614338432,5.144981885
20.5533844,1.18,3.158892381,68.02
15.95994513,1.05,2.829197625,80.25670685
7.37868977,1.07,1.22502597,178.68
1.510826,0.09,1.107582574,3.509207676
2.421937,0.09,1.088241784,1.870443302
9.20754,0.09,1.036666344,0.315236758
12.352446,0.09,1.120734311,0.213054667
91.50099945,0.79,2.030635296,2.18
34.45859909,0.95,2.631464814,23.05
12.94130146,1.1,2.244340238,142.1
2.78786839,0.76,1.082600161,153.74
5.65377733,1.12,2.532217331,409.92
7.97419807,1.09,2.562886772,434.24
3.281959,1.06,2.75884896,1697.5309
12.51616,1.06,3.321108672,284.9052257
35.61253,0.73,2.71153505,5.482603344
56.35418576,0.75,2.603886446,4.44
3.1800218,1.24,1.499107911,1015.217341
4.901452,1.24,1.559195484,570.0556936
14.749143,1.24,3.159388666,131.2438527
16.01310205,0.79,2.703001217,20.72
2.94194094,0.76,1.358379013,191.92
28.625653,0.94,2.201002663,18.365991
99.2530951,0.81,1.852718584,1.87
29.3494775,0.79,1.930180753,8.88
25.762294,0.99,2.964477076,51.24759448
3.56809693,1.16,1.36574317,877.33
1.8237305,0.73,2.889231334,259.8038083
82.5342519,0.64,3.020821798,1.37
8.129976,1.02,2.133380271,389.394769
31.517586,1.02,3.30612813,63.93988769
37.815724,0.68,1.279343571,5.99
53.578637,0.68,1.280039181,3.76
1.995,0.12,2.340509657,31.08769524
2.5081,0.88,1.256156628,429.4579047
7.6188,0.68,2.256349036,42.12150285
81.73778,0.89,2.374763737,4.922152208
16.1779561,1.02,2.689003576,138.54
13.15141081,1.29,1.550849674,205.27
16.54297375,0.84,2.522267322,26.14
10.67607169,1.28,3.043748631,638.3612564
1.8270823,0.92,3.264841178,882.9874877
4.7,0.89,1.847601726,241.17
7.171,0.89,2.895931941,137.09
11.02347475,0.55,2.692038239,7.975822692
11.04603384,1.15,2.206620234,153.91
27.082511,1.06,2.967206036,58.7
3.092926,0.81,1.563358671,178.3604888
2.527093,0.47,2.25762747,46.89247319
18.08816,0.47,2.549105195,3.326449352
34.43587975,1.17,2.596739696,32.33
14.970418,1.08,3.408200228,209.1796614
37.46849,0.9,3.01006069,42.30119767
18.26157,0.94,3.219085294,47.20817105
13.86375,0.74,2.769406727,26.77119986
2.86041,1.11,2.039810731,1195.876429
8.0472642,1.03,3.492907462,243.2841074
7.416755,1.03,2.487881214,748.71
20.485435,1.03,2.873804739,193.09
14.4273551,1.09,1.27168426,111.01
7.64971018,1.27,1.561554169,404.99
6.441008,0.8,2.211493676,71.40414876
17.96753,0.71,2.028479168,7.80292871
1.543069,0.85,1.39518215,463.0632242
4.400028,0.85,3.383458784,114.372449
7.727283,0.76,2.54387642,43.83643804
50.92092,0.76,2.845722258,4.12194877
9.562742,0.69,2.343317004,31.41219683
7.4341393,0.84,2.2382464,71.91496836
5.0988179,0.58,3.727068576,21.65333945
27.359,0.64,2.192557185,3.617091116
22.89104,1.26,2.235904594,139.6305112
84.25999,1.26,3.101716366,15.57645005
4.754,0.75,1.874058082,105.33
8.92507,0.75,2.256771886,45.6
12.27065865,0.95,1.637056915,86.64
8.307872,0.84,2.474507874,74.15
34.096863,0.84,1.874436565,11.28
2.5904434,0.92,1.49017181,353.56
9.20761013,1.02,3.105196,211.08
7.81254,1.24,1.842488886,480.1775385
9.37647,1.24,2.336564118,376.4774963
2.83265213,1.08,1.603257275,1286.39
5.931194,0.64,2.203724579,51.14139108
52.661793,0.64,2.466877335,2.781641693
5.18671989,0.87,2.304524947,129.37
56.1886887,1.08,3.456315637,28.85
18.11472949,1.21,2.326376905,124.65
10.11716531,1.45,3.156263524,421.92
2.52559332,1.01,2.552396396,657.2411341
2.16845259,1.01,2.224148512,894.997797
13.64618192,0.91,2.416527118,59.4
14.88801098,1.02,1.816527729,82.68348161
62.1387714,0.93,2.882206144,6.98
55.63934,0.99,3.153061221,13.15
12.79836,1.05,2.926920016,180.55
2.70730672,1.22,1.435245249,1900.13
2.03232507,1.06,2.05734199,1185.923204
2.80624233,0.65,1.720452664,106.58
15.64591713,0.94,2.74426607,63.29386297
26.39435646,0.8,3.287454603,14.15
40.4287755,0.97,3.254374161,17.23
1.5432066,1.03,1.367003599,2949.56
5.535309,0.93,2.416621951,453.87
5.94220998,0.8,1.304374098,71.94
2.4919863,0.51,2.203079886,40.96780843
4.11296,0.94,2.181051054,211.0522962
29.04992,1.89,3.351528756,239.0528365
1.208974,0.62,1.52366088,282.3862086
3.648103,0.62,1.197978367,64.65065058
6.201812,0.62,1.963617959,31.82367284
26.68,0.95,2.848974542,21.12534814
31.6372,0.75,2.700787658,10.51788846
5.436098,0.18,1.441473009,3.400219095
20.772907,1.02,3.904472792,39.16777566
52.563491,1.02,3.347143342,11.36971381
8.24661,0.54,1.816242232,10.55868386
15.6653,0.54,1.977175088,4.488538742
3.6906745,0.31,1.36107991,11.0541496
7.450729,0.31,1.548115506,4.338532233
1.6739035,1.15,3.727997371,1896.581929
2.76953,0.44,1.212234824,40.10779241
5.70588,0.44,1.50005856,15.29848924
12.46103,0.78,3.671181294,27.73055668
29.8454,0.84,2.964251828,17.14589836
17.471278,1.03,3.44364405,53.96077184
10.50534,0.54,2.021177113,7.873630785
4.47904,0.91,1.59656344,223.3926877
10.09489,0.91,2.149643299,75.77063254
2.77065,0.51,3.936409793,141.1799264
27.26955,0.45,1.770436248,1.539033973
3.2809626,0.77,2.076782642,151.2716798
8.4388385,0.77,2.325007404,42.92554012
2.871512,0.97,1.87738135,350.8163922
7.149584,0.97,3.325913153,103.9889083
13.606629,0.97,2.599985911,44.06986885
12.9972,0.98,3.890012,91.88744583
7.01,0.56,1.761714534,16.06034282
7.851928,0.34,2.221502808,4.831980602
13.63083,0.89,3.423385392,57.79786361
8.596802,1.05,2.775458,252.2711861
1.62116,1.04,1.31211416,3367.88089
91.68278,0.93,2.886360494,5.793355062
11.6264,1.15,3.439196761,255.3888568
3.183792,0.95,3.065060981,492.4441609
10.06049,0.92,2.642385386,87.74575017
5.90279,0.92,1.223186751,178.4401426
12.42205,0.9,2.228679449,51.95259488
12.91375431,1.15,2.82391886,219.05
17.20523483,0.83,2.672430134,26.89
6.849692,1.15,1.402633428,361.6949817
20.053763,1.2,2.191147602,83.94350525
30.092568,1.15,1.940220963,50.26799238
13.86825,1.03,1.51087629,238.84242
16.21865,1.03,3.71769321,193.8447648
5.13248562,0.52,1.92522705,24.33892004
12.3764661,0.65,2.795849585,14.39
8.35390639,0.87,2.6378678,77.62
6.38315913,0.58,3.957332221,27.26803434
7.685,0.68,2.457988963,27.35
3.69298373,0.76,2.045449294,103.91
5.70940492,0.76,1.799736442,58.15
63.0382,1.06,3.028785589,11.1
5.74772501,0.68,1.971400664,41.67
9.69312032,0.73,2.671216262,43.14
8.457496,0.65,2.860545599,25.77113967
17.28111,0.65,2.936259589,9.939407886
32.134328,0.65,2.663778816,4.346740661
8.77999973,0.85,3.184062027,61.24
3.77059058,1.09,2.383127747,723.08
26.7839183,0.92,1.643616572,14.6
4.90332155,1.18,2.568236134,601.89
11.96409988,0.92,3.212947736,100.96
5.37886844,0.85,1.849886109,110.62
16.87727414,0.96,2.691093748,40.4
7.71468975,1.46,2.448533342,586.17
44.29919815,0.88,2.413692432,10.85
9.176092,1.08,1.791785591,201.36
19.738286,1.08,1.615063682,72.46
23.58447697,1.01,3.033441319,78.59
3.60147201,0.86,2.468266287,215.5238812
15.74957994,0.98,2.682663716,61.09
5.4258399,0.98,1.568716974,211.66
4.138575,0.9,1.401655196,158.19
6.04045,0.9,1.415980763,95.44
29.90722674,0.97,2.441067271,25.15
1.348335,0.88,2.95324029,702.4409354
5.5382498,0.63,2.311657114,27.24973272
10.688716,0.63,2.462633288,11.33959317
3.127463,0.68,2.40863861,92.60516023
7.493134,0.68,2.76005093,28.89592337
16.608164,0.68,3.11146325,10.01472266
9.17856979,0.88,2.519508859,76.14
95.61100006,1.14,2.21829027,7.45
8.7529,0.61,2.573075408,23.96871879
1.422614,0.79,1.422749719,479.1996219
5.340888,0.79,3.010312011,82.09041255
39.91488,0.8,2.176308456,14.31185148
8.8656511,0.72,2.641252301,66.10046378
6.894256,0.99,3.238570355,196.2611582
4.7369683,0.86,2.861528833,142.4374127
11.8104,0.72,2.945746231,40.47665568
12.252284,0.38,2.46742587,2.921195181
3.348968,0.34,3.558016959,11.53238779
1.0391353,1.11,1.33932239,2830.079773
3.6451398,1.11,3.194115078,531.1033891
3.09833,1.08,2.62269854,586.9601052
1.1947268,1.03,3.39917116,1980.972371
14.697,0.69,3.073595732,13.90579018
19.482,0.69,2.862371358,9.548859317
3.835476,0.47,1.507406482,22.8467505
10.778831,0.81,2.86593356,65.42936306
25.7124,0.81,2.77523946,20.48156078
8.52695,1.16,2.156182579,388.5042565
15.48043,1.14,2.333053962,90.71224804
80.23190308,0.92,2.801411998,4.91
45.294301,0.91,2.408616756,18.83348529
33.7888,1.11,3.057099851,33.01
2.82019241,1.04,2.787877957,935.83
91.773242,0.84,2.148401595,2.98
16.71990013,1.05,2.819048765,74.26
3.295709,0.8,3.254544078,139.15
5.315946,0.8,2.446310554,73.6
9.653471,0.8,2.857464379,33.16
1.49914695,0.8,1.254392739,397.25
3.60930891,0.94,3.91760869,364.9729841
25.69578251,0.78,2.535379262,11.43160665
3.77360059,1.03,1.493119274,734.46
8.1818246,1.03,1.816526334,261.63
22.36656079,0.91,2.969146462,27.37578631
4.60301018,0.77,1.394953377,122.02
4.425391,1.11,1.681222908,559.7100227
13.193242,1.11,3.041139873,130.4457428
4.263742,0.79,1.468501384,599.5
8.005777,0.79,2.760455229,258.42
4.1698,0.8,1.180902744,196.7069872
5.73594,0.61,2.45974295,24.99433063
10.35239,0.78,3.087643127,36.55749563
5.06416,0.78,2.537716218,94.64565944
6.53044,0.74,2.458587141,102.1514801
12.6475,0.87,1.257512487,35.33208069
8.05428,0.73,1.889362504,40.98670009
5.577212,0.27,1.183281394,8.061822333
10.18271,1.21,3.1415125,189.5645175
7.49543,1.05,2.763148583,210.0032035
32.939623,0.36,2.760433375,1.228212014
9.795647,0.62,2.677382712,17.47178577
1.467119,0.32,1.445753697,40.63312599
3.262,0.52,2.456733329,36.77423521
24.93,0.48,3.020421705,3.005065254
52.0688601,1.01,3.293204777,22.10296165
44.87020111,1.07,2.649382274,19.5
4.89337519,1.17,1.652512064,831.14
1.9495378,0.24,1.125765102,19.18528279
8.28246,0.97,2.588196447,177.2258916
7.51574,0.55,2.076115306,14.37539308
2.260455,0.26,3.312677788,24.3822049
51.1309704,1.06,3.204751438,34.43
29.33434,0.99,3.22171668,16.80400636
2.93535996,0.79,2.714970734,258.48
2.75564,0.59,1.499320191,102.56
20.306546,0.59,1.710185821,7.14
7.8773565,0.54,2.635994923,22.85510533
16.3850021,0.54,2.353891503,8.607860615
36.445171,0.58,2.34387296,2.94
39.8189932,1.05,2.984592587,73.34
6.03356196,1.28,3.256289543,1217.39
13.821375,0.84,2.215605315,30.72
30.950851,0.84,1.390517765,10.5
19.80792185,0.94,2.414082441,37.51044123
6.252972,0.8,2.501721616,85.20922562
41.194912,0.8,3.655523195,6.899386763
23.9210791,1.5,2.160694053,197.85
19.79191978,1.11,3.403673084,160.28
2.58664,0.94,1.459672368,767.96
25.3842686,0.96,2.121613638,28.86968207
25.369116,1.23,1.307765214,63.25
3.005156,0.87,2.19446941,237.6563807
58.02035,0.87,3.06895722,4.293422301
6.98541,0.48,2.829363033,10.06390985
2.57302,1.21,2.105586118,523.9272794
1.008035,1.07,1.715295387,3351.762322
6.326763,1.02,2.178888735,192.1919787
81.1694299,0.97,3.578219449,5.62
5.65179605,1.28,1.726612955,506.41
14.30511983,0.9,2.687400683,50.10141771
9.18186,0.93,1.743967303,98.61
62.8916228,0.87,2.467770283,4.55
3.59576964,1.05,2.333046209,586.1231194
6.11786898,1.22,1.120071654,511.76
33.2406882,0.9,1.693146402,14.19
7.65880414,0.95,2.443263382,120.47
17.6046,0.61,3.338454224,4.07
4.301662,0.93,2.473965901,214.04
21.67697486,0.79,3.010451589,19.62700356
7.073088,1.08,2.72366402,279.4109112
18.85019,0.61,3.388309722,6.050913673
2.51462432,0.9,1.383862725,519.64
5.34982412,1.14,1.431272168,595.42
22.18329658,0.99,3.108236884,46.44
21.30022655,1.21,3.508464703,82.3
56.6747285,0.97,3.130278075,10.35
3.63899398,0.95,1.365807253,364.4524805
33.040532,0.98,2.783205014,28.11
62.303276,0.98,3.395308293,12.07
3.93276465,0.98,1.7752042,480.4
9.91935684,0.98,1.582628446,139.88
41.74600392,1.1,2.670552943,28.48
84.703921,1.19,3.358173056,12.71097975
17.0678997,1.05,1.926342684,82.56
5.4042722,1.09,2.817387646,224.15
1.20846503,1.09,1.573269628,1652.91
5.26341577,1.03,3.74741461,358.99
23.8990296,0.99,2.814216107,78.17
20.342199,0.97,2.32377682,35.75
44.851896,0.97,2.732712106,12.46
5.39875259,1.06,2.532397812,425.7556782
2.88676265,0.56,1.494134361,37.67443012
2.1748,0.7,1.802302706,210.7957444
11.06201,0.25,2.289926447,3.12685917
7.385655,0.69,2.015240283,29.29500324
2.588309,0.94,1.595471846,457.8732052
6.679195,0.94,2.57920908,129.0451859
1.256,0.51,2.221803062,290.5346177
6.9226,0.65,1.633231699,26.33431091
1.21956827,0.78,1.747787224,588.95
5.24867263,1.1,2.723432819,307.06
17.667087,0.67,2.340635853,17.12651327
29.79749,0.67,2.074751933,8.535354232
6.034,0.58,2.250721606,19.94432149
6.67202,0.77,1.95390518,53.1238762
16.1966,0.77,2.002882831,16.30497777
6.4215,0.95,2.796440534,76.51800802
27.86,0.95,2.600636872,10.82536192
3.48456408,0.26,3.441731825,9.809758425
8.199796,0.8,2.510074846,51.88875306
20.66093,0.83,3.351426894,18.06067784
31.71701,0.83,3.610336943,10.19813902
4.34934,0.83,1.182065377,144.2047629
20.257,1.4,3.187315995,49.9672431
7.05254,0.89,2.598590003,95.65324023
2.53726,0.89,1.567959298,373.9174957
22.8827,0.89,1.66922014,19.90401607
3.81673,0.68,1.699994271,85.98477008
8.59545,0.68,2.383339368,27.22224319
18.858991,0.5,3.500409815,8.744919902
9.327527,0.84,2.811602839,51.42099126
30.94191,0.97,2.538826972,22.52980181
24.245586,0.49,3.569479382,1.863176315
2.7299025,0.12,1.372210546,4.419309191
8.457463,0.12,1.417759529,0.978506603
1.1980035,0.36,1.22814235,61.43279371
1.2916,0.54,2.300940327,127.0016741
5.444017,0.54,2.216443562,18.74143532
2.7970365,0.91,2.104107853,488.4419065
8.26146,0.94,3.367712006,85.71396085
14.4536756,0.86,2.9754221,39.92093689
7.713057,1.09,3.01333879,227.3916519
10.924709,0.79,2.25107127,33.04849279
21.583298,0.79,2.91805535,13.46475487
10.894841,0.43,2.624577984,5.103084054
1.58040453,0.18,2.836579267,16.85702717
2.500311,0.26,3.147249175,14.02436014
51.3285623,0.96,3.421330825,22.98
9.33646594,0.72,2.168685301,28.10507892
3.930821,1.08,1.375402893,808.09
7.630004,1.08,1.42051,333.56
18.870227,0.83,2.753656225,21.61
46.90232,0.83,2.383068419,6.42
15.3787546,1.09,1.507442829,62.02
21.1284569,1.09,1.318093414,40.64
10.475464,0.66,2.506414316,24.71
22.92881,0.66,2.309282225,8.7
77.473633,0.66,3.009444552,1.72
38.871826,0.98,3.138271869,16.46
6.885875,0.95,2.352392009,192.1988842
15.054786,0.95,1.66483772,67.73247201
39.30941904,0.97,3.239061893,14.24
2.3432319,0.83,1.295258218,299.9457266
34.18890521,0.95,3.302844758,19.31
9.87863917,0.52,2.075693787,7.79638812
83.5781,1.09,3.133339104,17.31
8.40691199,0.86,1.273475166,75.56
2.508553,0.98,1.409880795,665.44
5.419026,0.98,1.397622306,238.48
13.751243,0.98,1.809364037,68.93
7.16892463,1.3,1.685333666,499.3
4.04354,0.57,1.275111051,33.34
5.317429,0.96,1.748152004,301.37
10.105785,0.96,1.011047993,128.09
51.300634,0.93,2.563606104,15.01
6.1469851,1.15,3.021073437,765.7611051
13.81499958,0.52,2.131779786,5.52
28.86235584,1.02,2.431700678,36.53
10.45843441,0.76,1.292155206,24.21
18.82634264,0.85,2.453669012,22.21847051
5.657,1.15,3.096248891,615.0375856
10.003417,0.64,2.591228771,14.19675149
12.20772,0.85,2.741518426,26.60222067
5.06963,1.11,3.07825983,830.6809246
1.548352,0.63,2.057532246,210.8911332
1.96417,0.71,3.103805993,254.0586699
4.65382,0.86,2.62390051,192.44768
9.15059,0.86,2.655031533,78.11400318
28.67992,0.97,3.924311529,58.53969971
1.419549,0.29,1.469728213,59.33588093
5.76918,0.87,3.759942435,225.2953517
32.6479,0.63,2.697057182,2.938175998
21.06884,0.86,1.69767289,39.19126775
9.55237,1.09,2.365764897,283.5848113
4.795069,0.63,2.68935324,40.65293377
6.102325,0.75,2.387158787,48.65447655
10.787992,0.94,2.899449864,68.0908983
22.620344,0.94,2.972543355,25.37139097
21.80451088,0.88,2.832131995,25.3
3.341815,1.17,1.64828853,677.5
2.03231845,0.78,1.33557219,267.14
7.49019,0.86,3.024760797,68.47944186
17.460812,0.86,2.569638901,22.15464231
36.277108,0.86,3.557309516,8.356808442
3.21982106,0.86,1.950218806,211.0773706
4.88752985,1.05,2.31597765,239.11
9.30987,1.02,1.332933668,164.38
6.42200058,1.21,1.480906846,238.51
3.783986,0.85,1.768368511,198.025815
10.281951,0.85,2.855061,52.22604406
18.119869,0.85,3.325517382,24.53471962
2.42629,1.07,1.47601916,826.93
3.40165668,1.14,1.267985471,545.58
26.84768,0.97,3.354818467,107.58
28.59915399,0.51,2.153448426,2.12998177
2.092281,1.09,1.637374253,953.17
17.308032,1.09,2.859144713,56.95
52.814973,1.09,2.674062441,12.86
1.5690665,1.2,1.776477235,2944
3.55485691,1.11,2.067794484,814.92
41.6977827,0.95,2.576366301,13.71995832
10.687576,0.97,2.483502499,70.36
20.303005,0.97,2.056766819,29.88
29.022358,0.97,2.248706142,18.56
4.34728553,0.94,3.529567547,710.87
8.96855,1.08,2.107451712,206.07
23.22182,1.08,1.843537878,57.93
16.08524954,0.8,3.295805982,28.22
5.9123,0.75,2.422456902,62.58
8.9858,0.75,2.23566185,35.9
9.98969327,0.8,3.029953033,56.97693554
6.52121067,1.09,3.344606088,258.06
6.738975,0.59,2.06459983,38.88
18.794234,0.59,3.597632329,9.9
3.940997,0.91,1.709923965,249.6576292
5.349555,0.91,2.586095819,166.110125
65.6478424,0.88,2.019929161,4.86
88.07160187,0.79,2.596742995,2.79
3.94963138,0.82,2.499121669,164.594865
28.6851324,1.03,2.747942096,16.49443518
66.1849031,0.98,2.452432647,8.3
25.85501786,1.02,2.686376366,46.98
3.83309118,0.92,1.854243774,227.2
13.71933369,1.19,2.274076353,141.89
47.0564003,0.97,2.15467874,14.43
1.02586997,0.83,1.317798611,1264.7
2.453234,0.77,2.954528049,150.8483193
24.31575992,1.13,3.353459681,71.84
23.3593998,1.07,2.4432772,51.68
44.6169557,1.32,2.89288434,68.47
22.18432708,0.8,3.42356429,18.74
21.963945,0.93,2.468767262,33.68699585
15.170318,1.26,2.29364992,160.26
26.234138,1.26,2.14442201,77.29
39.459357,1.26,2.5929771,44.83
96.9151496,0.87,2.40401863,2.34
1.620493,0.97,1.427101107,1065.343407
3.38802,0.97,1.82327701,398.4965333
5.839172,0.97,1.704945274,192.8490382
10.681572,0.97,1.864000871,86.19967039
22.08557563,0.57,3.536618618,3.843945454
2.549575,0.59,1.500142691,69.09357788
5.212333,0.59,1.398042374,26.62881662
13.969457,0.59,2.246195726,7.153007902
8.16736031,0.99,1.044409779,132.43
2.382961,0.96,1.728585838,578.3531547
5.902206,0.96,2.493000514,172.5824132
16.00494214,1.49,3.134401903,172.11
18.01621096,1.06,1.886539994,37.70598285
31.393463,0.33,2.368635877,2.145936916
13.603,0.69,2.344777113,18.86897097
65.55,0.69,2.344777113,2.337619279
4.44117,0.9,1.614706116,175.8429217
6.42904,0.9,2.734873221,107.3522608
14.09189,0.9,2.550220347,37.74119669
8.2669928,1.05,3.465357919,108.457046
9.97748,1.01,2.3372853,307.5917071
7.122605,0.79,1.333159059,144.0919138
2.541,1,2.516664046,724.554861
1.2436258,0.84,3.735414664,792.1800984
1.133,0.41,1.196630792,63.42028548
5.26,0.41,1.926327149,8.188802816
9.2292005,0.74,3.098758182,28.7804622
6.443868,0.75,2.566722797,64.73022192
12.226574,0.75,2.629574901,27.55551156
18.4498,0.3,2.146583466,1.390513454
9.4897116,0.85,2.161874169,54.73354079
4.77271,1.15,3.480039359,373.6401581
14.5665,0.56,2.86890832,5.082884033
2.326318,0.23,1.6161033,13.3248693
2.1097019,0.97,3.493004554,615.9822883
6.93,0.27,2.67828487,4.482894905
24.73723,0.18,1.808811872,0.460864884
3.77794,0.18,1.342779693,5.645489873
9.45889,0.75,1.204977681,35.72840124
5.52011,0.84,2.882506004,146.5884874
16.141132,0.97,2.033860682,68.37486975
11.54182,1.29,1.824462182,241.8933748
24.94598,1.29,1.988161569,86.5711541
4.01457,0.8,2.718557271,191.582437
4.562546,1.06,1.523676803,357.863796
15.87209,1.27,3.36478154,152.3296956
8.32727,0.87,1.936519922,71.19751178
2.69828,0.71,1.249593502,206.9094053
5.35876,0.26,1.145761512,5.677591959
