Rp_log,P_log_mid,Rp,P_mid,bins,grps,i
0.6737117471036232,1.2241344901807443,1.9615044338505254,3.4012210182947533,10.0,2.0,1.0
0.7207701844790706,0.9863954351895069,2.056016112701065,2.681551205738947,10.0,3.0,1.0
0.5410410300616495,2.423570359585849,1.717794207092861,11.286082839983056,10.0,3.0,2.0
0.7667305796581796,0.858200339447641,2.152716600480713,2.358911631208342,10.0,4.0,1.0
0.5399667145628783,2.077406338627703,1.7159497450969357,7.983734932554619,10.0,4.0,2.0
0.6246105669323591,2.805799635770604,1.867518542326853,16.54029683239897,10.0,4.0,3.0
0.7930083141384463,0.7718874287667008,2.2100349152012195,2.1638465081250797,10.0,5.0,1.0
0.5820716322145943,1.8492974906103965,1.7897422806824992,6.355353258650884,10.0,5.0,2.0
0.49682440467889666,2.4279607981570965,1.6434939035413416,11.33574262775591,10.0,5.0,3.0
0.7872133917979514,3.0337359494334093,2.1972649706520624,20.774701022725512,10.0,5.0,4.0
0.7972634309863451,0.7187089626610075,2.2194589078791007,2.0517825720633387,10.0,6.0,1.0
0.6415138688993699,1.698114777799012,1.8993540769999644,5.463637505843652,10.0,6.0,2.0
0.5496437369337348,2.2058643993500424,1.7326356338147342,9.078095276976526,10.0,6.0,3.0
0.6311649827612431,2.6677598418798762,1.8797992378487398,14.407657583630586,10.0,6.0,4.0
0.9813165574650571,0.43811166989846567,2.667966461881159,1.5497779613044573,10.0,18.0,1.0
0.9577975123368604,0.41937576057443726,2.6059505741194595,1.521011783684811,10.0,19.0,1.0
0.7939886017245263,1.0202215001413508,2.2122024472221846,2.773809095031207,10.0,19.0,2.0
0.8009973334467628,1.3001597529210658,2.2277616421095017,3.669882895304699,10.0,19.0,3.0
0.6835687509983207,1.2241344901807443,1.9809345949611932,3.4012210182947533,11.0,2.0,1.0
0.728600748486787,0.9863954351895069,2.072179078451783,2.681551205738947,11.0,3.0,1.0
0.5519090894991612,2.423570359585849,1.7365651135407856,11.286082839983056,11.0,3.0,2.0
0.7625078032265483,0.858200339447641,2.143645326018014,2.358911631208342,11.0,4.0,1.0
0.570988757277155,2.077406338627703,1.7700163029988893,7.983734932554619,11.0,4.0,2.0
0.8107681053023366,0.7718874287667008,2.249635280006862,2.1638465081250797,11.0,5.0,1.0
0.5809958678301474,1.8492974906103965,1.7878179749149852,6.355353258650884,11.0,5.0,2.0
0.49235807888265903,2.4279607981570965,1.6361698922093522,11.33574262775591,11.0,5.0,3.0
0.7888427650298564,3.0337359494334093,2.2008480536757142,20.774701022725512,11.0,5.0,4.0
0.8174307354080824,0.7187089626610075,2.264673810201604,2.0517825720633387,11.0,6.0,1.0
0.5960065336596363,1.698114777799012,1.8148567403403297,5.463637505843652,11.0,6.0,2.0
0.5702814425100196,2.2058643993500424,1.7687647869897622,9.078095276976526,11.0,6.0,3.0
0.5988784159004439,2.6677598418798762,1.8200762865561237,14.407657583630586,11.0,6.0,4.0
0.8246419288842698,0.670970512433281,2.2810638360058246,1.9561348528935831,11.0,7.0,1.0
0.825021812113132,0.6425187389126146,2.2819305385135378,1.9012636402272043,11.0,8.0,1.0
0.7670894482094021,1.4948702205909998,2.1534892814054696,4.458757860337462,11.0,8.0,2.0
0.5809958678301474,1.9059550360273927,1.7878179749149852,6.7258279693429,11.0,8.0,3.0
0.49327524988621696,2.2731307755511025,1.6376712281770451,9.709752332595418,11.0,8.0,4.0
0.5679821796700141,2.6080960284815653,1.7647026036455307,13.573183279705978,11.0,8.0,5.0
0.7836147988528787,2.9686516447067697,2.1893721185288184,19.465655273866677,11.0,8.0,6.0
0.8844133402146387,0.5559986766773709,2.4215633408598918,1.743681489565038,11.0,11.0,1.0
0.8281437368882894,1.2891121315264584,2.289065685898435,3.6295625505569293,11.0,11.0,2.0
0.6260278653186138,1.626957968146296,1.8701672499043018,5.0883721606580625,11.0,11.0,3.0
0.667018373260823,1.9253572308113078,1.948419192439645,6.857597973676788,11.0,11.0,4.0
0.5693009192700383,2.1945124706883012,1.7670313220002953,8.975624110116685,11.0,11.0,5.0
0.5194309513079101,2.4437854151949328,1.681070766347197,11.516553270086776,11.0,11.0,6.0
0.6300581325854604,2.6853477072486562,1.8777197327944612,14.66329902932829,11.0,11.0,7.0
0.773742649247527,2.944571475084727,2.1678646465982294,19.00251758922891,11.0,11.0,8.0
0.7556704421089157,3.2706121901564296,2.1290384419916903,26.32745181766021,11.0,11.0,9.0
0.8725350345943373,0.5246081562421113,2.392969431219014,1.6897965823922567,11.0,12.0,1.0
0.8134873687780357,1.2401900026269772,2.255760955946214,3.456270102778297,11.0,12.0,2.0
0.7229802023205496,1.5695939968033206,2.0605649696685786,4.804697075350153,11.0,12.0,3.0
0.5209532045121925,1.8382933703893447,1.6836317304312525,6.285801566771894,11.0,12.0,4.0
0.6488115527693992,2.0924674544019495,1.9132656620462811,8.104888955892681,11.0,12.0,5.0
0.5051542607274391,2.331027806770291,1.6572411479687288,10.288510701536806,11.0,12.0,6.0
0.9556831739364468,0.5027535456812356,2.6004465335036855,1.6532673560891473,11.0,13.0,1.0
0.8521694944405738,1.2013938308600651,2.3447282127631546,3.3247478307640113,11.0,13.0,2.0
0.748303513231283,1.5300990983619354,2.1134115988074234,4.6186344987351164,11.0,13.0,3.0
0.5759923125536512,1.7790097534625415,1.778894871091033,5.923987305219206,11.0,13.0,4.0
0.553479327304892,2.0170391344767657,1.7392940757332618,7.51603797788436,11.0,13.0,5.0
0.9723128018048687,0.47918131373206146,2.644052562754461,1.6147518857087613,11.0,14.0,1.0
0.8814445634586956,1.1468127144867157,2.4143849207362376,3.1481428718585662,11.0,14.0,2.0
0.8328402206328192,1.4793805763655112,2.299841530164276,4.390225429120075,11.0,14.0,3.0
0.5409674256181775,1.7121455637785057,1.7176677744593074,5.540836952341678,11.0,14.0,4.0
0.667018373260823,1.9365027098438834,1.948419192439645,6.934456706176771,11.0,14.0,5.0
0.6044235540121515,2.154852195969748,1.8301968950921461,8.626615036265665,11.0,14.0,6.0
0.9699371406808084,0.46954382494131136,2.63777864517291,1.5992644822229998,11.0,15.0,1.0
0.8896485783085197,1.1206822706769752,2.4342740442570854,3.0669459769418825,11.0,15.0,2.0
0.8257954950160245,1.4250786183976571,2.2836967122979037,4.15818473972718,11.0,15.0,3.0
0.9865667685492302,0.46376419282634057,2.682010684277173,1.5900479815087343,11.0,16.0,1.0
0.9117396576711287,1.0995790016025702,2.488648165606288,3.0029015410560502,11.0,16.0,2.0
0.8610191230999978,1.3850090230374181,2.3655702729781547,3.9948619504428713,11.0,16.0,3.0
0.7032630826758057,1.6000303513110476,2.0203344816401483,4.953182757704251,11.0,16.0,4.0
0.5059425386827037,1.8171893250766362,1.6585480296575699,6.154535717796232,11.0,16.0,5.0
0.5820789949442442,2.0124831843268796,1.7897554581195656,7.481873169210718,11.0,16.0,6.0
0.6709139257781823,1.2241344901807443,1.9560241648970973,3.4012210182947533,12.0,2.0,1.0
0.7062306867714517,0.9863954351895069,2.0263389395427622,2.681551205738947,12.0,3.0,1.0
0.5332166889445369,2.423570359585849,1.7044060443260003,11.286082839983056,12.0,3.0,2.0
0.7508046799731694,0.858200339447641,2.11870420970231,2.358911631208342,12.0,4.0,1.0
0.5851446490802423,2.077406338627703,1.7952506482145396,7.983734932554619,12.0,4.0,2.0
0.8140658926108484,0.7718874287667008,2.2570663449832833,2.1638465081250797,12.0,5.0,1.0
0.6255066616439788,1.8492974906103965,1.8691927658358687,6.355353258650884,12.0,5.0,2.0
0.49568714579559536,2.4279607981570965,1.6416258879099077,11.33574262775591,12.0,5.0,3.0
0.7805468708308279,3.0337359494334093,2.1826655753118867,20.774701022725512,12.0,5.0,4.0
0.941072858023476,0.43811166989846567,2.562729388761357,1.5497779613044573,12.0,18.0,1.0
0.8413976174239545,1.0357712731282,2.319606635002158,2.817278288932131,12.0,18.0,2.0
0.9267001082229114,0.41937576057443726,2.526159355954566,1.521011783684811,12.0,19.0,1.0
0.8511416228928205,1.0202215001413508,2.3423193715477972,2.773809095031207,12.0,19.0,2.0
0.688572306274817,1.2241344901807443,1.9908711490243665,3.4012210182947533,13.0,2.0,1.0
0.7317568371996539,0.9863954351895069,2.0787293906983497,2.681551205738947,13.0,3.0,1.0
0.5396553238530731,2.423570359585849,1.7154154974720104,11.286082839983056,13.0,3.0,2.0
0.7878630234709816,0.858200339447641,2.198692847317775,2.358911631208342,13.0,4.0,1.0
0.5691797796002679,2.077406338627703,1.7668172773743835,7.983734932554619,13.0,4.0,2.0
0.8123644076017663,0.7718874287667008,2.2532292457419256,2.1638465081250797,13.0,5.0,1.0
0.6047435109501336,1.8492974906103965,1.830782572977459,6.355353258650884,13.0,5.0,2.0
0.49178547301134634,2.4279607981570965,1.635233279903052,11.33574262775591,13.0,5.0,3.0
0.76814697369778,3.0337359494334093,2.1557678558224103,20.774701022725512,13.0,5.0,4.0
0.8142873946620521,0.7187089626610075,2.2575663451818904,2.0517825720633387,13.0,6.0,1.0
0.6403072422999992,1.698114777799012,1.8970636479732224,5.463637505843652,13.0,6.0,2.0
0.5883922738031815,2.2058643993500424,1.8010904261744838,9.078095276976526,13.0,6.0,3.0
0.5962641189886383,2.6677598418798762,1.815324281024107,14.407657583630586,13.0,6.0,4.0
0.8191688179382405,0.670970512433281,2.2686134228818347,1.9561348528935831,13.0,7.0,1.0
0.6784112401748553,1.5843885009862502,1.9707442044603747,4.876308608720311,13.0,7.0,2.0
0.6044820679284034,2.0448312673055455,1.8303039902132368,7.727854486185088,13.0,7.0,3.0
0.4892660071775713,2.4400787866887037,1.6311185511599173,11.473944701293801,13.0,7.0,4.0
0.8245832285209977,0.6425187389126146,2.2809299406598957,1.9012636402272043,13.0,8.0,1.0
0.7629709932334299,1.4948702205909998,2.1446384711010067,4.458757860337462,13.0,8.0,2.0
0.5844213787502103,1.9059550360273927,1.793952666138261,6.7258279693429,13.0,8.0,3.0
0.4616953564498605,2.2731307755511025,1.586761832828287,9.709752332595418,13.0,8.0,4.0
0.5828191634422095,2.6080960284815653,1.7910806691079393,13.573183279705978,13.0,8.0,5.0
0.7529959471538188,2.9686516447067697,2.123351947059968,19.465655273866677,13.0,8.0,6.0
0.8052855504670928,0.598221695737886,2.2373352797477257,1.8188813981579448,13.0,9.0,1.0
0.824964578661223,1.402926854812024,2.2817999394891544,4.06708633473252,13.0,9.0,2.0
0.5844213787502103,1.7909294170313999,1.793952666138261,5.99502175320824,13.0,9.0,3.0
0.6214218710686351,2.1341648119191965,1.8615730778521777,8.44998623115968,13.0,9.0,4.0
0.45903241717227017,2.44080648330009,1.5825420034877689,11.482297290679075,13.0,9.0,5.0
0.6725738537831061,2.7361476363116104,1.9592737204547128,15.427438368780608,13.0,9.0,6.0
0.7802526359836031,3.083564661681301,2.1820234535117295,21.83610214384534,13.0,9.0,7.0
0.9331326675742131,0.45456156546232207,2.542461401669006,1.5754824856532046,13.0,17.0,1.0
0.8301954181296778,1.071227752657243,2.293766940114922,2.9189610630918836,13.0,17.0,2.0
0.9596669748983324,0.43811166989846567,2.610826857749492,1.5497779613044573,13.0,18.0,1.0
0.8144959855420782,1.0357712731282,2.2580373020494955,2.817278288932131,13.0,18.0,2.0
0.9476059261146419,0.41937576057443726,2.5795266835489583,1.521011783684811,13.0,19.0,1.0
0.668129209002275,1.2241344901807443,1.950584768695005,3.4012210182947533,14.0,2.0,1.0
0.7115707907064265,0.9863954351895069,2.0371887438453506,2.681551205738947,14.0,3.0,1.0
0.5564817563857853,2.423570359585849,1.7445240302013423,11.286082839983056,14.0,3.0,2.0
0.7661617975265722,0.858200339447641,2.1514925218939593,2.358911631208342,14.0,4.0,1.0
0.5786906584349045,2.077406338627703,1.7837014266979812,7.983734932554619,14.0,4.0,2.0
0.815456248932556,0.7718874287667008,2.260206654012925,2.1638465081250797,14.0,5.0,1.0
0.5812460455939722,1.8492974906103965,1.7882653031715334,6.355353258650884,14.0,5.0,2.0
0.5159303539183577,2.4279607981570965,1.67519630247621,11.33574262775591,14.0,5.0,3.0
0.7536153751205519,3.0337359494334093,2.1246676180788384,20.774701022725512,14.0,5.0,4.0
0.8100306773408521,0.7187089626610075,2.247976947573746,2.0517825720633387,14.0,6.0,1.0
0.6042445300255818,1.698114777799012,1.829869275274557,5.463637505843652,14.0,6.0,2.0
0.5803473394817155,2.2058643993500424,1.7866589001634583,9.078095276976526,14.0,6.0,3.0
0.8100306773408521,0.670970512433281,2.247976947573746,1.9561348528935831,14.0,7.0,1.0
0.9563789032656358,0.43811166989846567,2.602256369931171,1.5497779613044573,14.0,18.0,1.0
0.9466726306730466,0.41937576057443726,2.5771203461402643,1.521011783684811,14.0,19.0,1.0
0.6731613560232085,1.2241344901807443,1.9604251363510445,3.4012210182947533,15.0,2.0,1.0
0.7193942067780339,0.9863954351895069,2.053189025827312,2.681551205738947,15.0,3.0,1.0
0.5430426056962597,2.423570359585849,1.7212359454237902,11.286082839983056,15.0,3.0,2.0
0.7615104236503151,0.858200339447641,2.141508363809535,2.358911631208342,15.0,4.0,1.0
0.557579229136145,2.077406338627703,1.7464396487641505,7.983734932554619,15.0,4.0,2.0
0.7937161319022245,0.7718874287667008,2.2115997709237747,2.1638465081250797,15.0,5.0,1.0
0.588401129639362,1.8492974906103965,1.8011063764068704,6.355353258650884,15.0,5.0,2.0
0.5022832473187427,2.4279607981570965,1.652490009965448,11.33574262775591,15.0,5.0,3.0
0.7879419733244128,3.0337359494334093,2.198866440648305,20.774701022725512,15.0,5.0,4.0
0.8007007665433276,0.7187089626610075,2.2271010596959915,2.0517825720633387,15.0,6.0,1.0
0.6294969969769846,1.698114777799012,1.876666372956149,5.463637505843652,15.0,6.0,2.0
0.579822819604854,2.2058643993500424,1.7857220077879676,9.078095276976526,15.0,6.0,3.0
0.551298212105582,2.6677598418798762,1.735504609122512,14.407657583630586,15.0,6.0,4.0
0.8528328850054641,0.6425187389126146,2.3462841993930943,1.9012636402272043,15.0,8.0,1.0
0.7850926358967664,1.4948702205909998,2.1926100457235087,4.458757860337462,15.0,8.0,2.0
0.5652847042619492,1.9059550360273927,1.759948776318355,6.7258279693429,15.0,8.0,3.0
0.5106661217577662,2.2731307755511025,1.6664008511859074,9.709752332595418,15.0,8.0,4.0
0.6625899421907178,0.43811166989846567,1.9398098294054813,1.5497779613044573,15.0,18.0,1.0
0.8210592205543943,1.0357712731282,2.2729060717704783,2.817278288932131,15.0,18.0,2.0
0.6859923480853737,1.2241344901807443,1.9857414048074922,3.4012210182947533,16.0,2.0,1.0
0.7272716791164677,0.9863954351895069,2.0694268380731256,2.681551205738947,16.0,3.0,1.0
0.5398127904676842,2.423570359585849,1.7156856394116589,11.286082839983056,16.0,3.0,2.0
0.761753736006614,0.858200339447641,2.142029482650323,2.358911631208342,16.0,4.0,1.0
0.5673142713709781,2.077406338627703,1.7635243376618421,7.983734932554619,16.0,4.0,2.0
0.6140506747636014,2.805799635770604,1.8479015070782971,16.54029683239897,16.0,4.0,3.0
0.8559796461360422,0.5246081562421113,2.3536790240844603,1.6897965823922567,16.0,12.0,1.0
0.8290307402599836,0.5027535456812356,2.2910969956359675,1.6532673560891473,16.0,13.0,1.0
0.9588754685719025,0.43811166989846567,2.608761189377005,1.5497779613044573,16.0,18.0,1.0
0.8312992844834932,1.0357712731282,2.2963003502794788,2.817278288932131,16.0,18.0,2.0
0.6833921549297385,1.2241344901807443,1.9805848005866693,3.4012210182947533,17.0,2.0,1.0
0.722243290017827,0.9863954351895069,2.0590470733388004,2.681551205738947,17.0,3.0,1.0
0.526366376612181,2.423570359585849,1.6927702305630403,11.286082839983056,17.0,3.0,2.0
0.7894484071500323,0.858200339447641,2.202181383676776,2.358911631208342,17.0,4.0,1.0
0.5771990523556297,2.077406338627703,1.7810428300886632,7.983734932554619,17.0,4.0,2.0
0.8189295324835253,0.7187089626610075,2.268070641629787,2.0517825720633387,17.0,6.0,1.0
0.6445410198416499,1.698114777799012,1.9051124197729714,5.463637505843652,17.0,6.0,2.0
0.5663162446408552,2.2058643993500424,1.7617651712272147,9.078095276976526,17.0,6.0,3.0
0.6157285480967034,2.6677598418798762,1.8510046543552414,14.407657583630586,17.0,6.0,4.0
0.838838082315823,0.670970512433281,2.3136771120310584,1.9561348528935831,17.0,7.0,1.0
0.6704417765670423,1.5843885009862502,1.9551008476195848,4.876308608720311,17.0,7.0,2.0
0.6347079911786205,2.0448312673055455,1.8864711947918518,7.727854486185088,17.0,7.0,3.0
0.4647135656209788,2.4400787866887037,1.5915582465934055,11.473944701293801,17.0,7.0,4.0
0.5851960059912561,2.826332466094506,1.7953428491098837,16.88342659827104,17.0,7.0,5.0
0.8024949548661604,0.5027535456812356,2.231100485199452,1.6532673560891473,17.0,13.0,1.0
0.893496750394869,0.46954382494131136,2.443659596713104,1.5992644822229998,17.0,15.0,1.0
0.9118718067693671,1.1206822706769752,2.4889770599482723,3.0669459769418825,17.0,15.0,2.0
0.967281990012741,0.43811166989846567,2.630784235156293,1.5497779613044573,17.0,18.0,1.0
0.8475879267806459,1.0357712731282,2.334010253089122,2.817278288932131,17.0,18.0,2.0
0.6677797543480438,1.2241344901807443,1.949903246856537,3.4012210182947533,18.0,2.0,1.0
0.7093648582015905,0.9863954351895069,2.032699795955168,2.681551205738947,18.0,3.0,1.0
0.5464088919908314,2.423570359585849,1.7270398817714923,11.286082839983056,18.0,3.0,2.0
0.7646661111804932,0.858200339447641,2.1482769692338293,2.358911631208342,18.0,4.0,1.0
0.5638169947141771,2.077406338627703,1.757367577384285,7.983734932554619,18.0,4.0,2.0
0.79224151156102,0.7718874287667008,2.208340904301008,2.1638465081250797,18.0,5.0,1.0
0.6028030295768771,1.8492974906103965,1.8272334181442218,6.355353258650884,18.0,5.0,2.0
0.49743094274999067,2.4279607981570965,1.6444910475357781,11.33574262775591,18.0,5.0,3.0
0.7710145958596223,3.0337359494334093,2.161958655696636,20.774701022725512,18.0,5.0,4.0
0.7968521258769624,0.7187089626610075,2.2185462207995212,2.0517825720633387,18.0,6.0,1.0
0.6183974435219571,1.698114777799012,1.8559513904337175,5.463637505843652,18.0,6.0,2.0
0.5836735630910799,2.2058643993500424,1.7926116217322832,9.078095276976526,18.0,6.0,3.0
0.6106116294212858,2.6677598418798762,1.8415574050871806,14.407657583630586,18.0,6.0,4.0
0.847287036092519,0.6425187389126146,2.333308076782428,1.9012636402272043,18.0,8.0,1.0
0.88183970733024,0.5805346273952686,2.415339138655481,1.7869935511181623,18.0,10.0,1.0
0.8224035900894198,1.3463480258735432,2.2759637523151075,3.8433640042576145,18.0,10.0,2.0
0.6028030295768771,1.7095296464180647,1.8272334181442218,5.526361522285708,18.0,10.0,3.0
0.6047733608395449,2.0186587781834455,1.8308372224504348,7.528221145026114,18.0,10.0,4.0
0.9040521388402035,0.5027535456812356,2.4695899848893994,1.6532673560891473,18.0,13.0,1.0
0.8598703768808215,1.2013938308600651,2.3628543932977926,3.3247478307640113,18.0,13.0,2.0
0.7760519046885466,1.5300990983619354,2.172876584523996,4.6186344987351164,18.0,13.0,3.0
0.5040384079247038,1.7790097534625415,1.6553929421435556,5.923987305219206,18.0,13.0,4.0
0.5156377300302306,2.0170391344767657,1.6747061717362821,7.51603797788436,18.0,13.0,5.0
0.9040521388402035,0.47918131373206146,2.4695899848893994,1.6147518857087613,18.0,14.0,1.0
0.6671195360672594,0.41937576057443726,1.9486163099635796,1.521011783684811,18.0,19.0,1.0
0.861948610776472,1.0202215001413508,2.3677700635754717,2.773809095031207,18.0,19.0,2.0
0.6859651906307479,1.2241344901807443,1.9856874778576552,3.4012210182947533,19.0,2.0,1.0
0.7224648096477154,0.9863954351895069,2.0595032432078337,2.681551205738947,19.0,3.0,1.0
0.5433682208712681,2.423570359585849,1.7217964972245237,11.286082839983056,19.0,3.0,2.0
0.8151369326481446,0.7718874287667008,2.2594850484385,2.1638465081250797,19.0,5.0,1.0
0.5999303743764676,1.8492974906103965,1.8219919386493468,6.355353258650884,19.0,5.0,2.0
0.4942386371126538,2.4279607981570965,1.639249699937056,11.33574262775591,19.0,5.0,3.0
0.7646427030360943,3.0337359494334093,2.148226682644885,20.774701022725512,19.0,5.0,4.0
0.8171777110755848,0.7187089626610075,2.2641008651100343,2.0517825720633387,19.0,6.0,1.0
0.633822877749366,1.698114777799012,1.8848021925405543,5.463637505843652,19.0,6.0,2.0
0.5731865321769397,2.2058643993500424,1.7739106783144338,9.078095276976526,19.0,6.0,3.0
0.6101218582579838,2.6677598418798762,1.84065568421107,14.407657583630586,19.0,6.0,4.0
0.6807292333789092,1.2241344901807443,1.9753176747219288,3.4012210182947533,20.0,2.0,1.0
0.77257007620935,0.858200339447641,2.1653241567092674,2.358911631208342,20.0,4.0,1.0
0.5683118552042296,2.077406338627703,1.7652844788288549,7.983734932554619,20.0,4.0,2.0
0.7977860840439494,0.7718874287667008,2.2206192180569486,2.1638465081250797,20.0,5.0,1.0
0.6049128620517997,1.8492974906103965,1.831092644277821,6.355353258650884,20.0,5.0,2.0
0.5014644209227658,2.4279607981570965,1.651137461353024,11.33574262775591,20.0,5.0,3.0
0.7810933069756741,3.0337359494334093,2.1838585885974537,20.774701022725512,20.0,5.0,4.0
0.7848361408957154,0.670970512433281,2.192047724326923,1.9561348528935831,20.0,7.0,1.0
0.6807292333789092,1.5843885009862502,1.9753176747219288,4.876308608720311,20.0,7.0,2.0
0.6191632306499375,2.0448312673055455,1.8573731984503252,7.727854486185088,20.0,7.0,3.0
0.496278520414912,2.4400787866887037,1.6425969909089624,11.473944701293801,20.0,7.0,4.0
0.8407249321431701,0.5246081562421113,2.318046794461288,1.6897965823922567,20.0,12.0,1.0
0.8053711847706356,1.2401900026269772,2.237526880599884,3.456270102778297,20.0,12.0,2.0
0.7254667501868589,1.5695939968033206,2.0656950385349626,4.804697075350153,20.0,12.0,3.0
0.5473969941484752,1.8382933703893447,1.7287472169768952,6.285801566771894,20.0,12.0,4.0
0.6316160026012387,2.0924674544019495,1.8806472558223084,8.104888955892681,20.0,12.0,5.0
0.5228183498483364,2.331027806770291,1.6867748786039376,10.288510701536806,20.0,12.0,6.0
0.6027625141694122,2.547798480277324,1.827159388537432,12.778939704357281,20.0,12.0,7.0
0.521314779470232,2.7699378305915325,1.6842405995728207,15.957641901797395,20.0,12.0,8.0
0.6702259369276641,1.2241344901807443,1.9546789048953075,3.4012210182947533,21.0,2.0,1.0
0.7121604954354422,0.9863954351895069,2.0383904379690234,2.681551205738947,21.0,3.0,1.0
0.5477736026507929,2.423570359585849,1.729398400490094,11.286082839983056,21.0,3.0,2.0
0.7702064704624477,0.858200339447641,2.160212227760755,2.358911631208342,21.0,4.0,1.0
0.5732522703784272,2.077406338627703,1.774027295845097,7.983734932554619,21.0,4.0,2.0
0.8055973586513592,0.7718874287667008,2.238033007971931,2.1638465081250797,21.0,5.0,1.0
0.5994613694457884,1.8492974906103965,1.8211376158029364,6.355353258650884,21.0,5.0,2.0
0.5009835228806842,2.4279607981570965,1.6503436234734914,11.33574262775591,21.0,5.0,3.0
0.7518459628420023,3.0337359494334093,2.1209115291225022,20.774701022725512,21.0,5.0,4.0
0.8127377364791352,0.670970512433281,2.2540705983275293,1.9561348528935831,21.0,7.0,1.0
0.893350351109913,0.5805346273952686,2.443301872881365,1.7869935511181623,21.0,10.0,1.0
0.9107718660196883,0.46954382494131136,2.486240837772028,1.5992644822229998,21.0,15.0,1.0
0.9024429348005075,1.1206822706769752,2.4656191065429556,3.0669459769418825,21.0,15.0,2.0
0.8035431077502762,1.4250786183976571,2.2334402456068654,4.15818473972718,21.0,15.0,3.0
0.9530812593719998,0.43811166989846567,2.5936891886233724,1.5497779613044573,21.0,18.0,1.0
0.6938260393151381,1.2241344901807443,2.0013581784638967,3.4012210182947533,22.0,2.0,1.0
0.7306021705973855,0.9863954351895069,2.076330536500693,2.681551205738947,22.0,3.0,1.0
0.5422320502739796,2.423570359585849,1.7198413535685524,11.286082839983056,22.0,3.0,2.0
0.7602154388779483,0.858200339447641,2.1387369379529497,2.358911631208342,22.0,4.0,1.0
0.5782439124280747,2.077406338627703,1.7829047431790679,7.983734932554619,22.0,4.0,2.0
0.7956867609036526,0.7718874287667008,2.2159623106337625,2.1638465081250797,22.0,5.0,1.0
0.6176469102304827,1.8492974906103965,1.8545589597260028,6.355353258650884,22.0,5.0,2.0
0.48491420255559625,2.4279607981570965,1.624035664756975,11.33574262775591,22.0,5.0,3.0
0.7788082103699536,3.0337359494334093,2.1788739580993983,20.774701022725512,22.0,5.0,4.0
0.8079359973311023,0.7187089626610075,2.243273083464267,2.0517825720633387,22.0,6.0,1.0
0.6386618423917669,1.698114777799012,1.8939447862120158,5.463637505843652,22.0,6.0,2.0
0.5749218733496575,2.2058643993500424,1.776991691082209,9.078095276976526,22.0,6.0,3.0
0.5996508218062047,2.6677598418798762,1.821482667307272,14.407657583630586,22.0,6.0,4.0
0.6692972254309812,0.598221695737886,1.9528644148233203,1.8188813981579448,22.0,9.0,1.0
0.8613694273112541,0.5246081562421113,2.3663990873669114,1.6897965823922567,22.0,12.0,1.0
0.8057688076182604,1.2401900026269772,2.238416749314127,3.456270102778297,22.0,12.0,2.0
0.8189638762467782,0.5027535456812356,2.268148537048547,1.6532673560891473,22.0,13.0,1.0
0.9262249759980994,0.46954382494131136,2.5249593813354214,1.5992644822229998,22.0,15.0,1.0
0.9069795596787733,1.1206822706769752,2.476830106344571,3.0669459769418825,22.0,15.0,2.0
0.8111189833143689,1.4250786183976571,2.250424766060257,4.15818473972718,22.0,15.0,3.0
0.5936382655862862,1.6589123532738843,1.8105637585368513,5.253593681915471,22.0,15.0,4.0
0.6448612585479947,1.8697858781427943,1.9057226082074836,6.486907261939237,22.0,15.0,5.0
0.6187819017480796,2.0702177252259197,1.8566650633929827,7.9265487396020715,22.0,15.0,6.0
0.5944844222534292,2.259364362407264,1.8120964274800004,9.576999730577748,22.0,15.0,7.0
0.46756941192111723,2.4459343017323225,1.596109988767805,11.541327645493476,22.0,15.0,8.0
0.9237305318178362,0.46376419282634057,2.5186688600401332,1.5900479815087343,22.0,16.0,1.0
0.86279469420224,1.0995790016025702,2.3697742423139405,3.0029015410560502,22.0,16.0,2.0
0.6780430856060162,1.2241344901807443,1.970018799516255,3.4012210182947533,23.0,2.0,1.0
0.7175276631140193,0.9863954351895069,2.0493602332759897,2.681551205738947,23.0,3.0,1.0
0.544529942531464,2.423570359585849,1.7237979078257306,11.286082839983056,23.0,3.0,2.0
0.7806368906150182,0.858200339447641,2.1828620672398835,2.358911631208342,23.0,4.0,1.0
0.5780154892524084,2.077406338627703,1.7824975329256207,7.983734932554619,23.0,4.0,2.0
0.564470371452518,2.805799635770604,1.7585161756729026,16.54029683239897,23.0,4.0,3.0
0.8132085293727495,0.7187089626610075,2.2551320485889415,2.0517825720633387,23.0,6.0,1.0
0.6306615925964125,1.698114777799012,1.878853203532713,5.463637505843652,23.0,6.0,2.0
0.5875476680140272,2.2058643993500424,1.799569857004901,9.078095276976526,23.0,6.0,3.0
0.5946565699559131,2.6677598418798762,1.8124084025687972,14.407657583630586,23.0,6.0,4.0
0.8792075436645241,0.47918131373206146,2.408989930477627,1.6147518857087613,23.0,14.0,1.0
0.6727485627128976,1.2241344901807443,1.9596160529729854,3.4012210182947533,24.0,2.0,1.0
0.7149452122113493,0.9863954351895069,2.0440746888586103,2.681551205738947,24.0,3.0,1.0
0.5364010138177804,2.423570359585849,1.7098420773412122,11.286082839983056,24.0,3.0,2.0
0.8062135392939338,0.7718874287667008,2.2394124655427667,2.1638465081250797,24.0,5.0,1.0
0.6041790072779135,1.8492974906103965,1.8297493811397068,6.355353258650884,24.0,5.0,2.0
0.4840871051859226,2.4279607981570965,1.6226929844706075,11.33574262775591,24.0,5.0,3.0
0.7702556567695582,3.0337359494334093,2.160318483235949,20.774701022725512,24.0,5.0,4.0
0.8444923347424091,0.5246081562421113,2.3267962810504703,1.6897965823922567,24.0,12.0,1.0
0.8094315359864863,0.5027535456812356,2.2466304950187754,1.6532673560891473,24.0,13.0,1.0
0.8520612007812579,1.2013938308600651,2.3444743073133165,3.3247478307640113,24.0,13.0,2.0
0.9647007876198587,0.45456156546232207,2.6240024049968564,1.5754824856532046,24.0,17.0,1.0
0.9546834165467379,0.43811166989846567,2.5978480170247362,1.5497779613044573,24.0,18.0,1.0
0.683288551902837,1.2241344901807443,1.9803796166353163,3.4012210182947533,25.0,2.0,1.0
0.7229167096926873,0.9863954351895069,2.060434143137077,2.681551205738947,25.0,3.0,1.0
0.5361280716857881,2.423570359585849,1.7093754530828593,11.286082839983056,25.0,3.0,2.0
0.7630676227306274,0.858200339447641,2.1448457164509853,2.358911631208342,25.0,4.0,1.0
0.577613464463236,2.077406338627703,1.7817810687585736,7.983734932554619,25.0,4.0,2.0
0.454195755381374,2.805799635770604,1.574906263677925,16.54029683239897,25.0,4.0,3.0
0.79874163802505,0.7718874287667008,2.222742153719549,2.1638465081250797,25.0,5.0,1.0
0.6013903591371462,1.8492974906103965,1.8246539618976876,6.355353258650884,25.0,5.0,2.0
0.47324220447476184,2.4279607981570965,1.6051901201273582,11.33574262775591,25.0,5.0,3.0
0.7785578432635878,3.0337359494334093,2.1783285080156016,20.774701022725512,25.0,5.0,4.0
0.8034506349889138,0.7187089626610075,2.233233722769032,2.0517825720633387,25.0,6.0,1.0
0.6251672538110564,1.698114777799012,1.8685584548210548,5.463637505843652,25.0,6.0,2.0
0.57172730306637,2.2058643993500424,1.7713240239327643,9.078095276976526,25.0,6.0,3.0
0.5916928341028526,2.6677598418798762,1.807044854801121,14.407657583630586,25.0,6.0,4.0
0.8472580002343358,0.6425187389126146,2.333240328163588,1.9012636402272043,25.0,8.0,1.0
0.8472580002343358,0.5246081562421113,2.333240328163588,1.6897965823922567,25.0,12.0,1.0
0.7995927354411906,0.5027535456812356,2.224634729092088,1.6532673560891473,25.0,13.0,1.0
0.867327585410397,0.46954382494131136,2.380540553967258,1.5992644822229998,25.0,15.0,1.0
0.680633973384222,1.2241344901807443,1.9751295149329218,3.4012210182947533,26.0,2.0,1.0
0.7759185987072238,0.858200339447641,2.1725869463842797,2.358911631208342,26.0,4.0,1.0
0.5800817567700184,2.077406338627703,1.7861844574525547,7.983734932554619,26.0,4.0,2.0
0.5774038341248979,2.805799635770604,1.7814075925376263,16.54029683239897,26.0,4.0,3.0
0.8090975563843282,0.7718874287667008,2.245880291543155,2.1638465081250797,26.0,5.0,1.0
0.6038967554418034,1.8492974906103965,1.8292330038948996,6.355353258650884,26.0,5.0,2.0
0.4965094714496747,2.4279607981570965,1.6429763941938151,11.33574262775591,26.0,5.0,3.0
0.7742838719398986,3.0337359494334093,2.1690382617038737,20.774701022725512,26.0,5.0,4.0
0.808694097158086,0.7187089626610075,2.24497435318538,2.0517825720633387,26.0,6.0,1.0
0.633003976040652,1.698114777799012,1.883259356606205,5.463637505843652,26.0,6.0,2.0
0.5896322269830039,2.2058643993500424,1.8033250791217685,9.078095276976526,26.0,6.0,3.0
0.6054141581799579,2.6677598418798762,1.8320107940439303,14.407657583630586,26.0,6.0,4.0
0.8248847547405899,0.6425187389126146,2.2816178045413436,1.9012636402272043,26.0,8.0,1.0
0.9153426206182693,0.47918131373206146,2.4976308451489486,1.6147518857087613,26.0,14.0,1.0
0.9329316500944848,0.46954382494131136,2.5419503738502187,1.5992644822229998,26.0,15.0,1.0
0.6753221506352067,1.2241344901807443,1.964665792366252,3.4012210182947533,27.0,2.0,1.0
0.7177226486819601,0.9863954351895069,2.0497598679052165,2.681551205738947,27.0,3.0,1.0
0.5382711728703201,2.423570359585849,1.7130427459273703,11.286082839983056,27.0,3.0,2.0
0.7760206878077688,0.858200339447641,2.172808755153428,2.358911631208342,27.0,4.0,1.0
0.5560707498787126,2.077406338627703,1.7438071668010373,7.983734932554619,27.0,4.0,2.0
0.8066927909048254,0.7718874287667008,2.240485964791904,2.1638465081250797,27.0,5.0,1.0
0.5931711856696219,1.8492974906103965,1.8097182780362504,6.355353258650884,27.0,5.0,2.0
0.48307620840076587,2.4279607981570965,1.6210534381949622,11.33574262775591,27.0,5.0,3.0
0.7721074681493147,3.0337359494334093,2.1643226919624765,20.774701022725512,27.0,5.0,4.0
0.8225581635400323,0.5027535456812356,2.2763155830769186,1.6532673560891473,27.0,13.0,1.0
0.6859186349942467,1.2241344901807443,1.9855950350651141,3.4012210182947533,28.0,2.0,1.0
0.7257237042028017,0.9863954351895069,2.066225895370805,2.681551205738947,28.0,3.0,1.0
0.5433220464504422,2.423570359585849,1.7217169961039576,11.286082839983056,28.0,3.0,2.0
0.7684369260530023,0.858200339447641,2.1563930164185323,2.358911631208342,28.0,4.0,1.0
0.5771181124908629,2.077406338627703,1.7808986785567333,7.983734932554619,28.0,4.0,2.0
0.8068297199365088,0.7718874287667008,2.240792773370585,2.1638465081250797,28.0,5.0,1.0
0.6036548252965662,1.8492974906103965,1.8287905108169602,6.355353258650884,28.0,5.0,2.0
0.495947090683207,2.4279607981570965,1.642052675635081,11.33574262775591,28.0,5.0,3.0
0.7720380794325088,3.0337359494334093,2.1641725175983906,20.774701022725512,28.0,5.0,4.0
0.8293892979227597,0.670970512433281,2.291918633313356,1.9561348528935831,28.0,7.0,1.0
0.6540745796274027,1.5843885009862502,1.923361775365183,4.876308608720311,28.0,7.0,2.0
0.6280767937308688,2.0448312673055455,1.8740030169824609,7.727854486185088,28.0,7.0,3.0
0.4801554387607953,2.4400787866887037,1.61632562231949,11.473944701293801,28.0,7.0,4.0
0.8018316286765782,0.7718874287667008,2.229621028551447,2.1638465081250797,29.0,5.0,1.0
0.6168316757931914,1.8492974906103965,1.8530476755052188,6.355353258650884,29.0,5.0,2.0
0.48778907893018597,2.4279607981570965,1.6287112842147347,11.33574262775591,29.0,5.0,3.0
0.7740838502210954,3.0337359494334093,2.1686044503299127,20.774701022725512,29.0,5.0,4.0
0.8065725015531335,0.670970512433281,2.240216474396462,1.9561348528935831,29.0,7.0,1.0
0.6699728835573585,1.5843885009862502,1.9541843293901968,4.876308608720311,29.0,7.0,2.0
0.6330488623865608,2.0448312673055455,1.8833438911343305,7.727854486185088,29.0,7.0,3.0
0.4772478655566902,2.4400787866887037,1.6116328628278425,11.473944701293801,29.0,7.0,4.0
0.8380306047510895,0.6425187389126146,2.3118096237499706,1.9012636402272043,29.0,8.0,1.0
0.7697130011977256,1.4948702205909998,2.1591464923965282,4.458757860337462,29.0,8.0,2.0
0.5849469511346912,1.9059550360273927,1.7948957659305433,6.7258279693429,29.0,8.0,3.0
0.5305999211914639,2.2731307755511025,1.6999518399019868,9.709752332595418,29.0,8.0,4.0
0.5719241132580346,2.6080960284815653,1.7716726728611205,13.573183279705978,29.0,8.0,5.0
0.6849477698316677,2.9686516447067697,1.9836682255060654,19.465655273866677,29.0,8.0,6.0
0.8254150249888383,0.598221695737886,2.282827999417777,1.8188813981579448,29.0,9.0,1.0
0.8146049078868172,1.402926854812024,2.258283266162193,4.06708633473252,29.0,9.0,2.0
0.5849469511346912,1.7909294170313999,1.7948957659305433,5.99502175320824,29.0,9.0,3.0
0.6381113322905381,2.1341648119191965,1.892902437414132,8.44998623115968,29.0,9.0,4.0
0.44035361874945494,2.44080648330009,1.553256381987744,11.482297290679075,29.0,9.0,5.0
0.6627822323620643,2.7361476363116104,1.9401828716349852,15.427438368780608,29.0,9.0,6.0
0.8036290872941578,3.083564661681301,2.2336322840360396,21.83610214384534,29.0,9.0,7.0
0.6752711884981312,1.2241344901807443,1.964565671350046,3.4012210182947533,30.0,2.0,1.0
0.717834765383526,0.9863954351895069,2.049989693103989,2.681551205738947,30.0,3.0,1.0
0.5429516249855956,2.423570359585849,1.7210793532777953,11.286082839983056,30.0,3.0,2.0
0.7660227618944013,0.858200339447641,2.151193408565254,2.358911631208342,30.0,4.0,1.0
0.5608815756186326,2.077406338627703,1.752216530978476,7.983734932554619,30.0,4.0,2.0
0.8712221770359403,0.7718874287667008,2.389829864567075,2.1638465081250797,30.0,5.0,1.0
0.5848235876166672,1.8492974906103965,1.7946743549316726,6.355353258650884,30.0,5.0,2.0
0.49545969401893514,2.4279607981570965,1.6412525396460635,11.33574262775591,30.0,5.0,3.0
0.7761389525957354,3.0337359494334093,2.1730657371158077,20.774701022725512,30.0,5.0,4.0
0.8118060044966563,0.7187089626610075,2.251971386763443,2.0517825720633387,30.0,6.0,1.0
0.6167462702807133,1.698114777799012,1.8528894217768124,5.463637505843652,30.0,6.0,2.0
0.5839422196133749,2.2058643993500424,1.7930932832342583,9.078095276976526,30.0,6.0,3.0
0.5928095123551809,2.6677598418798762,1.8090638695766004,14.407657583630586,30.0,6.0,4.0
0.6779195756861475,1.2241344901807443,1.9697754976775914,3.4012210182947533,31.0,2.0,1.0
0.7178673153936579,0.9863954351895069,2.0500564213752672,2.681551205738947,31.0,3.0,1.0
0.5401429624015457,2.423570359585849,1.7162522041838681,11.286082839983056,31.0,3.0,2.0
0.7763631802741132,0.858200339447641,2.1735530532338423,2.358911631208342,31.0,4.0,1.0
0.5740554524466204,2.077406338627703,1.7754527351246099,7.983734932554619,31.0,4.0,2.0
0.8148935827378473,0.7718874287667008,2.2589352698516425,2.1638465081250797,31.0,5.0,1.0
0.6086768268597961,1.8492974906103965,1.8379977997798578,6.355353258650884,31.0,5.0,2.0
0.48731545298368095,2.4279607981570965,1.6279400669398376,11.33574262775591,31.0,5.0,3.0
0.7718567734305322,3.0337359494334093,2.1637801756996824,20.774701022725512,31.0,5.0,4.0
0.8560586751855322,0.5246081562421113,2.3538650404507897,1.6897965823922567,31.0,12.0,1.0
0.8044333380920823,1.2401900026269772,2.235429407154729,3.456270102778297,31.0,12.0,2.0
0.802951153928314,0.5027535456812356,2.2321185433493005,1.6532673560891473,31.0,13.0,1.0
0.6779084790917845,1.2241344901807443,1.9697536399991806,3.4012210182947533,32.0,2.0,1.0
0.7152318742323988,0.9863954351895069,2.044660731434156,2.681551205738947,32.0,3.0,1.0
0.5373392523965038,2.423570359585849,1.7114470699569553,11.286082839983056,32.0,3.0,2.0
0.7712926863387813,0.858200339447641,2.162559959419666,2.358911631208342,32.0,4.0,1.0
0.571270207261458,2.077406338627703,1.7705145441712806,7.983734932554619,32.0,4.0,2.0
0.8072918554184397,0.7718874287667008,2.2418285625378425,2.1638465081250797,32.0,5.0,1.0
0.6059276456063142,1.8492974906103965,1.8329517501155015,6.355353258650884,32.0,5.0,2.0
0.48181258741932004,2.4279607981570965,1.6190063347122607,11.33574262775591,32.0,5.0,3.0
0.7654515723294522,3.0337359494334093,2.1499650201928016,20.774701022725512,32.0,5.0,4.0
0.8017914595566009,0.7187089626610075,2.229531468435635,2.0517825720633387,32.0,6.0,1.0
0.6325872135638958,1.698114777799012,1.882474648302218,5.463637505843652,32.0,6.0,2.0
0.5785243130804291,2.2058643993500424,1.7834047409287126,9.078095276976526,32.0,6.0,3.0
0.5971336061311808,2.6677598418798762,1.8169033685446674,14.407657583630586,32.0,6.0,4.0
0.8511615084188074,0.5246081562421113,2.3423659502636496,1.6897965823922567,32.0,12.0,1.0
0.81825117790956,0.5027535456812356,2.2665326072612646,1.6532673560891473,32.0,13.0,1.0
0.8992612222400153,0.46954382494131136,2.457786682131337,1.5992644822229998,32.0,15.0,1.0
0.9726765749144902,0.46376419282634057,2.645014572943327,1.5900479815087343,32.0,16.0,1.0
0.6805666178324231,1.2241344901807443,1.974996483474823,3.4012210182947533,33.0,2.0,1.0
0.7152579344161305,0.9863954351895069,2.0447140163627906,2.681551205738947,33.0,3.0,1.0
0.5424801794848817,2.423570359585849,1.7202681493945562,11.286082839983056,33.0,3.0,2.0
0.8147065067615227,0.7187089626610075,2.2585127168565706,2.0517825720633387,33.0,6.0,1.0
0.6405381756204531,1.698114777799012,1.8975017937698457,5.463637505843652,33.0,6.0,2.0
0.573212240935054,2.2058643993500424,1.7739562839412084,9.078095276976526,33.0,6.0,3.0
0.5993197907037358,2.6677598418798762,1.820879799681258,14.407657583630586,33.0,6.0,4.0
0.8183699609657632,0.6425187389126146,2.266801848921696,1.9012636402272043,33.0,8.0,1.0
0.7774217124473677,1.4948702205909998,2.1758550472233695,4.458757860337462,33.0,8.0,2.0
0.5898354821519577,1.9059550360273927,1.8036916515180093,6.7258279693429,33.0,8.0,3.0
0.5046791002937903,2.2731307755511025,1.6564538796004014,9.709752332595418,33.0,8.0,4.0
0.5828417980475065,2.6080960284815653,1.791121209970751,13.573183279705978,33.0,8.0,5.0
0.6822607295712686,2.9686516447067697,1.9783451839371362,19.465655273866677,33.0,8.0,6.0
0.8259720765627561,0.5027535456812356,2.2841000066017454,1.6532673560891473,33.0,13.0,1.0
0.6859012907375109,1.2241344901807443,1.9855605966937078,3.4012210182947533,34.0,2.0,1.0
0.8074821464992349,0.7718874287667008,2.2422552031096252,2.1638465081250797,34.0,5.0,1.0
0.600428793543716,1.8492974906103965,1.8229002807028825,6.355353258650884,34.0,5.0,2.0
0.48406034615337423,2.4279607981570965,1.6226495633571763,11.33574262775591,34.0,5.0,3.0
0.7738289205794837,3.0337359494334093,2.1680516792364544,20.774701022725512,34.0,5.0,4.0
0.8032635511121797,0.5027535456812356,2.2328159598260973,1.6532673560891473,34.0,13.0,1.0
0.6832256500650755,1.2241344901807443,1.9802550510357082,3.4012210182947533,35.0,2.0,1.0
0.7206522435332675,0.9863954351895069,2.055773638515245,2.681551205738947,35.0,3.0,1.0
0.5422107820559022,2.423570359585849,1.7198047759965576,11.286082839983056,35.0,3.0,2.0
0.7688919517582882,0.858200339447641,2.1573744539444193,2.358911631208342,35.0,4.0,1.0
0.5762925258702412,2.077406338627703,1.779428999192321,7.983734932554619,35.0,4.0,2.0
0.8049906577109776,0.7718874287667008,2.2366756030524466,2.1638465081250797,35.0,5.0,1.0
0.6137191193384332,1.8492974906103965,1.8472889268662067,6.355353258650884,35.0,5.0,2.0
0.48653058712947267,2.4279607981570965,1.626662853654712,11.33574262775591,35.0,5.0,3.0
0.7801565592987948,3.0337359494334093,2.1818138220026535,20.774701022725512,35.0,5.0,4.0
0.8972826359038337,0.46954382494131136,2.452928546689912,1.5992644822229998,35.0,15.0,1.0
0.9328225263197754,0.46376419282634057,2.54167300176452,1.5900479815087343,35.0,16.0,1.0
0.6778702574889778,1.2241344901807443,1.969678354296705,3.4012210182947533,36.0,2.0,1.0
0.8050707085295005,0.7718874287667008,2.2368546579318904,2.1638465081250797,36.0,5.0,1.0
0.608306940381023,1.8492974906103965,1.8373180749639635,6.355353258650884,36.0,5.0,2.0
0.4890152270135613,2.4279607981570965,1.6307095502689366,11.33574262775591,36.0,5.0,3.0
0.7758718060360328,3.0337359494334093,2.172485287616125,20.774701022725512,36.0,5.0,4.0
0.8072816482934484,0.7187089626610075,2.2418056800302777,2.0517825720633387,36.0,6.0,1.0
0.6323865501491611,1.698114777799012,1.8820969424082827,5.463637505843652,36.0,6.0,2.0
0.580763117432886,2.2058643993500424,1.7874019079928416,9.078095276976526,36.0,6.0,3.0
0.5965182867439527,2.6677598418798762,1.8157857365628578,14.407657583630586,36.0,6.0,4.0
0.8872839307395447,0.47918131373206146,2.4285246443873345,1.6147518857087613,36.0,14.0,1.0
0.9406373201507315,0.46954382494131136,2.5616134660858907,1.5992644822229998,36.0,15.0,1.0
0.6858947280457732,1.2241344901807443,1.985547566114343,3.4012210182947533,37.0,2.0,1.0
0.7260584014814323,0.9863954351895069,2.06691757129959,2.681551205738947,37.0,3.0,1.0
0.5419705086732989,2.423570359585849,1.7193916023249172,11.286082839983056,37.0,3.0,2.0
0.771572914021865,0.858200339447641,2.1631660535048276,2.358911631208342,37.0,4.0,1.0
0.5707588641968837,2.077406338627703,1.7696094352686924,7.983734932554619,37.0,4.0,2.0
0.8025638539494523,0.7718874287667008,2.231254211273346,2.1638465081250797,37.0,5.0,1.0
0.602889802945411,1.8492974906103965,1.827391980222395,6.355353258650884,37.0,5.0,2.0
0.48885744515047264,2.4279607981570965,1.6304522741752232,11.33574262775591,37.0,5.0,3.0
0.7673290235433324,3.0337359494334093,2.1540052661253153,20.774701022725512,37.0,5.0,4.0
0.8442068808663538,0.5246081562421113,2.326132182822469,1.6897965823922567,37.0,12.0,1.0
0.8073807921356582,1.2401900026269772,2.242027952277164,3.456270102778297,37.0,12.0,2.0
0.7350117900437085,1.5695939968033206,2.0855065805738198,4.804697075350153,37.0,12.0,3.0
0.5493382383645321,1.8382933703893447,1.7321063969523225,6.285801566771894,37.0,12.0,4.0
0.6554976912850855,2.0924674544019495,1.92610088249501,8.104888955892681,37.0,12.0,5.0
0.5168534811343076,2.331027806770291,1.67674343576564,10.288510701536806,37.0,12.0,6.0
0.5208027919127362,2.547798480277324,1.6833785100503964,12.778939704357281,37.0,12.0,7.0
0.5210588068902424,2.7699378305915325,1.6838095353338913,15.957641901797395,37.0,12.0,8.0
0.790812291926664,0.5027535456812356,2.205186954501592,1.6532673560891473,37.0,13.0,1.0
0.677854164182533,1.2241344901807443,1.969646655914418,3.4012210182947533,38.0,2.0,1.0
0.7180471970285983,0.9863954351895069,2.0504252220453036,2.681551205738947,38.0,3.0,1.0
0.5445174509007094,2.423570359585849,1.7237763749132613,11.286082839983056,38.0,3.0,2.0
0.8100107968575845,0.7187089626610075,2.247932257149889,2.0517825720633387,38.0,6.0,1.0
0.6323020602903255,1.698114777799012,1.8819379310208233,5.463637505843652,38.0,6.0,2.0
0.5806099360824547,2.2058643993500424,1.7871281323240105,9.078095276976526,38.0,6.0,3.0
0.5986228831195908,2.6677598418798762,1.8196112568189566,14.407657583630586,38.0,6.0,4.0
0.7426673305994742,3.2067493819197272,2.1015335299867153,24.698669651486902,38.0,6.0,5.0
0.6433024913419219,0.5805346273952686,1.902754344319155,1.7869935511181623,38.0,10.0,1.0
0.8952038431097125,0.46954382494131136,2.4478347128494655,1.5992644822229998,38.0,15.0,1.0
0.6778467365026355,1.2241344901807443,1.9696320260638798,3.4012210182947533,39.0,2.0,1.0
0.718067623148317,0.9863954351895069,2.050467104704112,2.681551205738947,39.0,3.0,1.0
0.5390954425566787,2.423570359585849,1.714455337232392,11.286082839983056,39.0,3.0,2.0
0.7716648861845183,0.858200339447641,2.163365013714207,2.358911631208342,39.0,4.0,1.0
0.5679096463377729,2.077406338627703,1.764574608527286,7.983734932554619,39.0,4.0,2.0
0.5630252011099671,2.805799635770604,1.755976655710377,16.54029683239897,39.0,4.0,3.0
0.8052862299639841,0.7718874287667008,2.2373368000106093,2.1638465081250797,39.0,5.0,1.0
0.6000863556543179,1.8492974906103965,1.8222761574459996,6.355353258650884,39.0,5.0,2.0
0.48590671939920455,2.4279607981570965,1.6256483476839645,11.33574262775591,39.0,5.0,3.0
0.777898757205804,3.0337359494334093,2.176893275089656,20.774701022725512,39.0,5.0,4.0
0.8126602535699892,0.670970512433281,2.2538959531462464,1.9561348528935831,39.0,7.0,1.0
0.6510328120721811,1.5843885009862502,1.9175202447131188,4.876308608720311,39.0,7.0,2.0
0.6324461873979922,2.0448312673055455,1.8822091888389623,7.727854486185088,39.0,7.0,3.0
0.48058784708345714,2.4400787866887037,1.6170246861003186,11.473944701293801,39.0,7.0,4.0
0.7234533409960915,0.9863954351895069,2.061540133324824,2.681551205738947,40.0,3.0,1.0
0.5363327782847823,2.423570359585849,1.7097254093362193,11.286082839983056,40.0,3.0,2.0
0.8053508863943291,0.7718874287667008,2.23748146289822,2.1638465081250797,40.0,5.0,1.0
0.6027112977301413,1.8492974906103965,1.8270658103359623,6.355353258650884,40.0,5.0,2.0
0.4857702483332084,2.4279607981570965,1.6254265088586561,11.33574262775591,40.0,5.0,3.0
0.7693449298614812,3.0337359494334093,2.158351918700796,20.774701022725512,40.0,5.0,4.0
0.6778329681203861,1.2241344901807443,1.9696049076039432,3.4012210182947533,41.0,2.0,1.0
0.7154206516608945,0.9863954351895069,2.045046753664178,2.681551205738947,41.0,3.0,1.0
0.541560285824952,2.423570359585849,1.7186864132566109,11.286082839983056,41.0,3.0,2.0
0.6751401430027943,1.2241344901807443,1.9643082407364516,3.4012210182947533,42.0,2.0,1.0
0.718123065473267,0.9863954351895069,2.050580790519104,2.681551205738947,42.0,3.0,1.0
0.5414699391262089,2.423570359585849,1.7185311426271987,11.286082839983056,42.0,3.0,2.0
0.7666041836289335,0.858200339447641,2.1524445228454487,2.358911631208342,42.0,4.0,1.0
0.5703692694810174,2.077406338627703,1.7689201390653624,7.983734932554619,42.0,4.0,2.0
0.805470962622113,0.7718874287667008,2.2377501473630073,2.1638465081250797,42.0,5.0,1.0
0.5945471633706583,1.8492974906103965,1.8122101240010733,6.355353258650884,42.0,5.0,2.0
0.49084567226382725,2.4279607981570965,1.6336972083578825,11.33574262775591,42.0,5.0,3.0
0.7692798779394758,3.0337359494334093,2.158211518326827,20.774701022725512,42.0,5.0,4.0
0.807701347384655,0.7187089626610075,2.242746761308513,2.0517825720633387,42.0,6.0,1.0
0.6240979225691082,1.698114777799012,1.866561414826833,5.463637505843652,42.0,6.0,2.0
0.5751021407131021,2.2058643993500424,1.7773120535638056,9.078095276976526,42.0,6.0,3.0
0.6005545892605642,2.6677598418798762,1.8231296081743404,14.407657583630586,42.0,6.0,4.0
0.6778204805178809,1.2241344901807443,1.9695803121143345,3.4012210182947533,43.0,2.0,1.0
0.7154518706671573,0.9863954351895069,2.0451105989881766,2.681551205738947,43.0,3.0,1.0
0.5360519017884878,2.423570359585849,1.7092452550887973,11.286082839983056,43.0,3.0,2.0
0.68652629337373,0.5246081562421113,1.9868019651898958,1.6897965823922567,43.0,12.0,1.0
0.6831934843525836,1.2241344901807443,1.9801913557454836,3.4012210182947533,44.0,2.0,1.0
0.7235346487693347,0.9863954351895069,2.0617077593770743,2.681551205738947,44.0,3.0,1.0
0.5413015657330966,2.423570359585849,1.718241812066013,11.286082839983056,44.0,3.0,2.0
0.8014433754568338,0.5027535456812356,2.22875553903372,1.6532673560891473,44.0,13.0,1.0
0.6778091029244872,1.2241344901807443,1.9695579031578672,3.4012210182947533,45.0,2.0,1.0
0.7181711154882237,0.9863954351895069,2.050679323323991,2.681551205738947,45.0,3.0,1.0
0.5438917589957913,2.423570359585849,1.722698159340143,11.286082839983056,45.0,3.0,2.0
0.6831880457055439,1.2241344901807443,1.9801805862129145,3.4012210182947533,46.0,2.0,1.0
0.7235699999750925,0.9863954351895069,2.06178064452057,2.681551205738947,46.0,3.0,1.0
0.5384777474307653,2.423570359585849,1.7133966535325296,11.286082839983056,46.0,3.0,2.0
0.8108730190025013,0.7718874287667008,2.2498713099492793,2.1638465081250797,46.0,5.0,1.0
0.6051162674510834,1.8492974906103965,1.8314651362904146,6.355353258650884,46.0,5.0,2.0
0.4850760259540106,2.4279607981570965,1.6242984929926976,11.33574262775591,46.0,5.0,3.0
0.7798578861264566,3.0337359494334093,2.181162270052372,20.774701022725512,46.0,5.0,4.0
0.6804920967963902,1.2241344901807443,1.9748493101745346,3.4012210182947533,47.0,2.0,1.0
0.6777938142833648,1.2241344901807443,1.9695277915240996,3.4012210182947533,48.0,2.0,1.0
0.771983914623721,0.858200339447641,2.164055298782387,2.358911631208342,48.0,4.0,1.0
0.5753981403645675,2.077406338627703,1.7778382151801917,7.983734932554619,48.0,4.0,2.0
0.5572558524191817,2.805799635770604,1.7458749821490975,16.54029683239897,48.0,4.0,3.0
0.8054271029341787,0.7187089626610075,2.237652002492186,2.0517825720633387,48.0,6.0,1.0
0.6319852233196923,1.698114777799012,1.8813417579576597,5.463637505843652,48.0,6.0,2.0
0.5826661011324744,2.2058643993500424,1.7908065431435156,9.078095276976526,48.0,6.0,3.0
0.6024186096351806,2.6677598418798762,1.8265311281759355,14.407657583630586,48.0,6.0,4.0
0.6916185414091308,0.6425187389126146,1.9969450572458032,1.9012636402272043,48.0,8.0,1.0
0.8144402215230467,0.5027535456812356,2.2579113883251702,1.6532673560891473,48.0,13.0,1.0
0.6804849271340312,1.2241344901807443,1.9748351512225282,3.4012210182947533,49.0,2.0,1.0
0.7209218228379601,0.9863954351895069,2.056327907249655,2.681551205738947,49.0,3.0,1.0
0.5409407656049992,2.423570359585849,1.7176219820242205,11.286082839983056,49.0,3.0,2.0
0.802880803537081,0.7187089626610075,2.2319615184599435,2.0517825720633387,49.0,6.0,1.0
0.6373522383831737,1.698114777799012,1.8914660919361779,5.463637505843652,49.0,6.0,2.0
0.5799909583807121,2.2058643993500424,1.7860222821435539,9.078095276976526,49.0,6.0,3.0
0.5975903220867554,2.6677598418798762,1.8177333668251203,14.407657583630586,49.0,6.0,4.0
0.6788168389352514,0.5559986766773709,1.971543697992594,1.743681489565038,49.0,11.0,1.0
0.9399262379095163,0.46954382494131136,2.559792595712317,1.5992644822229998,49.0,15.0,1.0
0.9936840553453944,0.43811166989846567,2.7011674146129776,1.5497779613044573,49.0,18.0,1.0
0.6804815573927226,1.2241344901807443,1.974828496550154,3.4012210182947533,50.0,2.0,1.0
0.7182383855091634,0.9863954351895069,2.0508172772050397,2.681551205738947,50.0,3.0,1.0
0.5382024318889295,2.423570359585849,1.712924993735098,11.286082839983056,50.0,3.0,2.0
0.680478319798132,1.2241344901807443,1.974822102866446,3.4012210182947533,51.0,2.0,1.0
0.7720652355984199,0.858200339447641,2.1642312890243383,2.358911631208342,51.0,4.0,1.0
0.5698605046167687,2.077406338627703,1.7680204035472609,7.983734932554619,51.0,4.0,2.0
0.8058947610731145,0.7718874287667008,2.238698703393279,2.1638465081250797,51.0,5.0,1.0
0.6049344460157375,1.8492974906103965,1.8311321669419482,6.355353258650884,51.0,5.0,2.0
0.48729818909171435,2.4279607981570965,1.6279119626009897,11.33574262775591,51.0,5.0,3.0
0.7754789434482349,3.0337359494334093,2.1716319670539166,20.774701022725512,51.0,5.0,4.0
0.9093810728126054,0.46954382494131136,2.4827853943642824,1.5992644822229998,51.0,15.0,1.0
0.6804752067264102,1.2241344901807443,1.9748159551131712,3.4012210182947533,52.0,2.0,1.0
0.7182616712856424,0.9863954351895069,2.050865032633765,2.681551205738947,52.0,3.0,1.0
0.5354037252585777,2.423570359585849,1.7081377214080333,11.286082839983056,52.0,3.0,2.0
0.8085360663313311,0.7718874287667008,2.244619606063531,2.1638465081250797,52.0,5.0,1.0
0.6076013107907479,1.8492974906103965,1.836022066268339,6.355353258650884,52.0,5.0,2.0
0.48186507629085706,2.4279607981570965,1.6190913167580674,11.33574262775591,52.0,5.0,3.0
0.7733171002990169,3.0337359494334093,2.1669423103408882,20.774701022725512,52.0,5.0,4.0
0.8684552934716724,0.5246081562421113,2.3832266230063524,1.6897965823922567,52.0,12.0,1.0
0.6777721794138515,1.2241344901807443,1.96948518150826,3.4012210182947533,53.0,2.0,1.0
0.7747185702234598,0.858200339447641,2.1699813438764655,2.358911631208342,53.0,4.0,1.0
0.5670708790889551,2.077406338627703,1.7630951616800752,7.983734932554619,53.0,4.0,2.0
0.8172404013369647,0.5027535456812356,2.2642428066341878,1.6532673560891473,53.0,13.0,1.0
0.6777683332148269,1.2241344901807443,1.9694776064908432,3.4012210182947533,54.0,2.0,1.0
0.7209842254547871,0.9863954351895069,2.0564562314959645,2.681551205738947,54.0,3.0,1.0
0.5406467803154384,2.423570359585849,1.7171171006459647,11.286082839983056,54.0,3.0,2.0
0.8086097973483912,0.7718874287667008,2.2447851102513203,2.1638465081250797,54.0,5.0,1.0
0.5967385352649015,1.8492974906103965,1.8161857047302774,6.355353258650884,54.0,5.0,2.0
0.48706925070213475,2.4279607981570965,1.6275393137163399,11.33574262775591,54.0,5.0,3.0
0.7732812939419471,3.0337359494334093,2.1668647214198713,20.774701022725512,54.0,5.0,4.0
0.7209953444665127,0.9863954351895069,2.056479097384038,2.681551205738947,55.0,3.0,1.0
0.5432741929597683,2.423570359585849,1.7216346079070386,11.286082839983056,55.0,3.0,2.0
0.9635703688683268,0.46954382494131136,2.6210378593788475,1.5992644822229998,55.0,15.0,1.0
0.6804638662508523,1.2241344901807443,1.9747935598880875,3.4012210182947533,56.0,2.0,1.0
0.7210060663706769,0.9863954351895069,2.056501146874042,2.681551205738947,56.0,3.0,1.0
0.5378632038105963,2.423570359585849,1.712344020028013,11.286082839983056,56.0,3.0,2.0
0.8112851799674342,0.7718874287667008,2.2507988102059335,2.1638465081250797,56.0,5.0,1.0
0.6777576043438636,1.2241344901807443,1.9694564763330897,3.4012210182947533,57.0,2.0,1.0
0.3695385993116943,0.9863954351895069,1.447066782996478,2.681551205738947,57.0,3.0,1.0
0.5378136090623019,2.423570359585849,1.7122590988631856,11.286082839983056,57.0,3.0,2.0
0.6777542746942544,1.2241344901807443,1.9694499187440204,3.4012210182947533,58.0,2.0,1.0
0.7183218931213642,0.9863954351895069,2.050988543209827,2.681551205738947,58.0,3.0,1.0
0.5377657244777418,2.423570359585849,1.712177110010594,11.286082839983056,58.0,3.0,2.0
0.8087420046893271,0.7718874287667008,2.2450819069406376,2.1638465081250797,58.0,5.0,1.0
0.6101415773157383,1.8492974906103965,1.8406919805646769,6.355353258650884,58.0,5.0,2.0
0.48411847784477224,2.4279607981570965,1.6227438934625982,11.33574262775591,58.0,5.0,3.0
0.7710690301115993,3.0337359494334093,2.1620763435019588,20.774701022725512,58.0,5.0,4.0
0.6804563700042969,1.2241344901807443,1.974778756404152,3.4012210182947533,59.0,2.0,1.0
0.721036051356898,0.9863954351895069,2.0565628119571033,2.681551205738947,59.0,3.0,1.0
0.5404026230410574,2.423570359585849,1.71669790519177,11.286082839983056,59.0,3.0,2.0
0.8087722555215752,0.7718874287667008,2.2451498235640495,2.1638465081250797,59.0,5.0,1.0
0.6020023193892684,1.8492974906103965,1.8257709193281637,6.355353258650884,59.0,5.0,2.0
0.4840562642670534,2.4279607981570965,1.6226429398996383,11.33574262775591,59.0,5.0,3.0
0.7689050024567322,3.0337359494334093,2.157402609371572,20.774701022725512,59.0,5.0,4.0
0.873992643622998,0.5246081562421113,2.3964599883830764,1.6897965823922567,59.0,12.0,1.0
0.8072003271384018,0.5027535456812356,2.2416233812154633,1.6532673560891473,59.0,13.0,1.0
