Rp_log,Ms_log_mid,Rp,Ms_mid,bins,grps,i
0.5989954306181151,-1.2402581507433539,1.8202892747300676,0.2893095228297886,10.0,2.0,1.0
0.5804073063701155,-1.2852322690748237,1.786766043750835,0.27658633371878655,10.0,3.0,1.0
0.623874728468585,-0.08125946474888747,1.8661448558192653,0.9219544457292888,10.0,3.0,2.0
0.5587064345255323,-1.315544579983041,1.7484093548715893,0.2683281572999747,10.0,4.0,1.0
0.6345735472330202,-0.14785712207452253,1.8862175872095466,0.862554346113913,10.0,4.0,2.0
0.6142695104188477,-0.016674989840777022,1.8483059380657751,0.9834632682515397,10.0,4.0,3.0
0.5442391866291435,-1.3411912271768163,1.7232967762666322,0.2615339366124404,10.0,5.0,1.0
0.6110908846930214,-0.20684945651763398,1.8424401927051854,0.8131420540102449,10.0,5.0,2.0
0.6361926960179907,-0.08486063740910811,1.8892741279534195,0.9186402995732333,10.0,5.0,3.0
0.5919786716620569,0.02325091682570991,1.8075614499194166,1.023523326553919,10.0,5.0,4.0
0.5514728105773379,-1.3682248378119541,1.7358076520296344,0.2545584412271571,10.0,6.0,1.0
0.6330969259957451,-0.2386148371687376,1.883434413614475,0.7877182237323191,10.0,6.0,2.0
0.6393839434395495,-0.11754481116630516,1.8953128996251987,0.8891006692158093,10.0,6.0,3.0
0.6307978921561749,-0.03628534641741769,1.879109307850269,0.9643650760992956,10.0,6.0,4.0
0.6093159906951164,0.04765508990216247,1.8391729570218731,1.0488088481701516,10.0,6.0,5.0
0.5659400584737267,-1.3968040447319283,1.7611025441834487,0.24738633753705963,10.0,7.0,1.0
0.5635288504909952,-1.4193642623721632,1.7568612750164088,0.24186773244895649,10.0,8.0,1.0
0.5659400584737267,-1.4349905341242155,1.7611025441834487,0.2381176179958131,10.0,9.0,1.0
0.5755848904046527,-1.4511209652333261,1.7781702575416387,0.2343074902771996,10.0,10.0,1.0
0.48939132141274533,-1.4763363920467723,1.6313229663414328,0.2284731931759172,10.0,12.0,1.0
0.5783522289615721,-1.2402581507433539,1.7830978716997223,0.2893095228297886,11.0,2.0,1.0
0.5693985588125942,-1.2852322690748237,1.7672038625535105,0.27658633371878655,11.0,3.0,1.0
0.6107106782996242,-0.08125946474888747,1.841739818316314,0.9219544457292888,11.0,3.0,2.0
0.5596563043369115,-1.315544579983041,1.7500709051390062,0.2683281572999747,11.0,4.0,1.0
0.6167896582270633,-0.14785712207452253,1.8529698165877073,0.862554346113913,11.0,4.0,2.0
0.6360349758716063,-0.016674989840777022,1.888976174858619,0.9834632682515397,11.0,4.0,3.0
0.5085094683395772,-1.3411912271768163,1.6628108746531658,0.2615339366124404,11.0,5.0,1.0
0.6052451709763688,-0.20684945651763398,1.8317012338194947,0.8131420540102449,11.0,5.0,2.0
0.6430608961061443,-0.08486063740910811,1.902294703460469,0.9186402995732333,11.0,5.0,3.0
0.611017199489125,0.02325091682570991,1.8423044371255692,1.023523326553919,11.0,5.0,4.0
0.5206872864341806,-1.3682248378119541,1.6831840818389807,0.2545584412271571,11.0,6.0,1.0
0.6204711326625442,-0.2386148371687376,1.8598040499059763,0.7877182237323191,11.0,6.0,2.0
0.6167896582270633,-0.11754481116630516,1.8529698165877073,0.8891006692158093,11.0,6.0,3.0
0.6252717996524781,-0.03628534641741769,1.8687538150488314,0.9643650760992956,11.0,6.0,4.0
0.6210243100421176,0.04765508990216247,1.8608331360441677,1.0488088481701516,11.0,6.0,5.0
0.5669629951936735,-1.3968040447319283,1.7629049623661868,0.24738633753705963,11.0,7.0,1.0
0.5693985588125942,-1.4193642623721632,1.7672038625535105,0.24186773244895649,11.0,8.0,1.0
0.5669629951936735,-1.4349905341242155,1.7629049623661868,0.2381176179958131,11.0,9.0,1.0
0.5767052496693562,-1.4511209652333261,1.7801635634647743,0.2343074902771996,11.0,10.0,1.0
0.5426073590044668,-1.4677891753671222,1.7204869461842942,0.2304343724360582,11.0,11.0,1.0
0.5527322332068706,-1.4938820519524072,1.737995144666841,0.22449944320643644,11.0,13.0,1.0
0.6582859624180973,-0.4593969310461369,1.9314788681417636,0.6316644678941502,11.0,13.0,2.0
0.5527322332068706,-1.5028913047037462,1.737995144666841,0.22248595461286988,11.0,14.0,1.0
0.6825080053254924,-0.48274048803246333,1.9788344412228485,0.6170899448216606,11.0,14.0,2.0
0.5527322332068706,-1.5028913047037462,1.737995144666841,0.22248595461286988,11.0,15.0,1.0
0.6955436563226681,-0.5066762223586431,2.004798699212007,0.6024948132556828,11.0,15.0,2.0
0.5672877855149807,-1.5120658740378445,1.7634776298287382,0.220454076850486,11.0,16.0,1.0
0.6933710478231387,-0.5234845277581356,2.0004477846466786,0.592452529743945,11.0,16.0,2.0
0.5406026062834456,-1.5120658740378445,1.7170412503355446,0.220454076850486,11.0,17.0,1.0
0.6977162648221974,-0.5312366210261182,2.009159076887395,0.5878775382679627,11.0,17.0,2.0
0.5697137108996657,-1.530936038029268,1.7677608883083795,0.21633307652783934,11.0,19.0,1.0
0.702061481821256,-0.5659811341748319,2.01790830394105,0.5678027826631357,11.0,19.0,2.0
0.5535874152344643,-0.4173553724408661,1.739482082589278,0.6587867636800241,11.0,19.0,3.0
0.6481316043085867,-0.22959119530707606,1.911965182183992,0.7948584779695063,11.0,19.0,5.0
0.6083005424580143,-0.19253720923021517,1.8373063199819815,0.8248636250920512,11.0,19.0,6.0
0.6005819848729944,-0.16258813843968073,1.8231795546106497,0.8499411744350311,11.0,19.0,7.0
0.5741192696860956,-0.1336783529952676,1.7755660432324514,0.8748714191239761,11.0,19.0,8.0
0.6873538942341454,-0.09995771259750126,1.9884469247968657,0.9048756820690895,11.0,19.0,9.0
0.6635398558492704,-0.07262850632856926,1.9416533567146903,0.9299462350050136,11.0,19.0,10.0
0.6302058108164932,-0.05134869911917135,1.877997051599447,0.9499473669630333,11.0,19.0,11.0
0.5540428967484815,-5.000250016667929e-05,1.7402745649887021,0.9999499987499375,11.0,19.0,13.0
0.5821999263117562,-1.2402581507433539,1.7899719087822017,0.2893095228297886,12.0,2.0,1.0
0.5756295424043328,-1.2852322690748237,1.778249658172095,0.27658633371878655,12.0,3.0,1.0
0.6125148250619109,-0.08125946474888747,1.8450655864312928,0.9219544457292888,12.0,3.0,2.0
0.6198350220877432,-1.315544579983041,1.8586213850754552,0.2683281572999747,12.0,4.0,1.0
0.601301640137859,-0.14785712207452253,1.8244920876049113,0.862554346113913,12.0,4.0,2.0
0.6229840358587453,-0.016674989840777022,1.8644834344050227,0.9834632682515397,12.0,4.0,3.0
0.5289682027385109,-1.3411912271768163,1.6971802589505243,0.2615339366124404,12.0,5.0,1.0
0.6089818889143898,-0.20684945651763398,1.838558588698358,0.8131420540102449,12.0,5.0,2.0
0.6150240406738269,-0.08486063740910811,1.8497010670838412,0.9186402995732333,12.0,5.0,3.0
0.5876672748654759,0.02325091682570991,1.7997851107621146,1.023523326553919,12.0,5.0,4.0
0.5658061024746861,-1.3682248378119541,1.7608666497328207,0.2545584412271571,12.0,6.0,1.0
0.6266981395785786,-0.2386148371687376,1.8714211950703796,0.7877182237323191,12.0,6.0,2.0
0.6062011177556204,-0.11754481116630516,1.8334530799169249,0.8891006692158093,12.0,6.0,3.0
0.6371751015856643,-0.03628534641741769,1.8911310733629891,0.9643650760992956,12.0,6.0,4.0
0.602803029576877,0.04765508990216247,1.8272334181442216,1.0488088481701516,12.0,6.0,5.0
0.6026440022108615,-1.3968040447319283,1.826942861130509,0.24738633753705963,12.0,7.0,1.0
0.6001881422284497,-1.4349905341242155,1.8224616501333606,0.2381176179958131,12.0,9.0,1.0
0.5783863941499146,-1.4763363920467723,1.7831587926150232,0.2284731931759172,12.0,12.0,1.0
0.600940588627219,-0.4297189601406862,1.8238334708849664,0.6506919393998976,12.0,12.0,2.0
0.5172328584109801,-1.4938820519524072,1.677379674803665,0.22449944320643644,12.0,13.0,1.0
0.6303230879669752,-0.4593969310461369,1.8782173106576971,0.6316644678941502,12.0,13.0,2.0
0.5245712826996523,-1.5028913047037462,1.6897342747549873,0.22248595461286988,12.0,14.0,1.0
0.6992370907718679,-0.48274048803246333,2.0122169828305076,0.6170899448216606,12.0,14.0,2.0
0.5001098684040785,-1.5028913047037462,1.6489024230261864,0.22248595461286988,12.0,15.0,1.0
0.5172328584109801,-1.5120658740378445,1.677379674803665,0.220454076850486,12.0,16.0,1.0
0.5862825258200711,-1.2402581507433539,1.797294584822733,0.2893095228297886,13.0,2.0,1.0
0.5771923623931403,-1.2852322690748237,1.7810309150187935,0.27658633371878655,13.0,3.0,1.0
0.6270963507507372,-0.08125946474888747,1.872166564295398,0.9219544457292888,13.0,3.0,2.0
0.5598811255940426,-1.315544579983041,1.7504644025115976,0.2683281572999747,13.0,4.0,1.0
0.6153319624069029,-0.14785712207452253,1.850270717941529,0.862554346113913,13.0,4.0,2.0
0.632686442725028,-0.016674989840777022,1.8826614539505524,0.9834632682515397,13.0,4.0,3.0
0.5475159564518299,-1.3411912271768163,1.7289528849608709,0.2615339366124404,13.0,5.0,1.0
0.6248572966985951,-0.20684945651763398,1.867979371588053,0.8131420540102449,13.0,5.0,2.0
0.6321498758992113,-0.08486063740910811,1.8816515512344956,0.9186402995732333,13.0,5.0,3.0
0.6019227006775657,-1.3682248378119541,1.825625559586457,0.2545584412271571,13.0,6.0,1.0
0.654562756733354,-0.2386148371687376,1.9243009457724722,0.7877182237323191,13.0,6.0,2.0
0.6029976131593917,-0.11754481116630516,1.8275890023631183,0.8891006692158093,13.0,6.0,3.0
0.6393147545039055,-0.03628534641741769,1.895181769479391,0.9643650760992956,13.0,6.0,4.0
0.619985110100076,0.04765508990216247,1.8589003627999026,1.0488088481701516,13.0,6.0,5.0
0.5722462947362553,-1.3968040447319283,1.7722435649422752,0.24738633753705963,13.0,7.0,1.0
0.5747193285646978,-1.4193642623721632,1.7766318071298028,0.24186773244895649,13.0,8.0,1.0
0.5722462947362553,-1.4349905341242155,1.7722435649422752,0.2381176179958131,13.0,9.0,1.0
0.584611463878468,-1.4511209652333261,1.794293702272814,0.2343074902771996,13.0,10.0,1.0
0.5627345101775718,-1.4763363920467723,1.755466283402959,0.2284731931759172,13.0,12.0,1.0
0.5998342008091538,-0.4297189601406862,1.821816719610845,0.6506919393998976,13.0,12.0,2.0
0.5873669833143734,-1.5120658740378445,1.799244731639256,0.220454076850486,13.0,16.0,1.0
0.6788312832493657,-0.5234845277581356,1.9715721757947284,0.592452529743945,13.0,16.0,2.0
0.5701242521186123,-1.5120658740378445,1.7684867760114875,0.220454076850486,13.0,17.0,1.0
0.6766252500036898,-0.5312366210261182,1.9672276159123747,0.5878775382679627,13.0,17.0,2.0
0.6243156930195757,-1.5214119405439208,1.8669679410100535,0.21840329667841554,13.0,18.0,1.0
0.6369166515815236,-0.5391107995101878,1.8906423736841853,0.5832666628567075,13.0,18.0,2.0
0.661264402724778,-1.530936038029268,1.9372402383436111,0.21633307652783934,13.0,19.0,1.0
0.6457407845642271,-0.5659811341748319,1.907399478138392,0.5678027826631357,13.0,19.0,2.0
0.5930450233781479,-1.2402581507433539,1.8094899742333395,0.2893095228297886,14.0,2.0,1.0
0.578914653809377,-1.2852322690748237,1.7841010123179961,0.27658633371878655,14.0,3.0,1.0
0.6190648554254838,-0.08125946474888747,1.857190487932275,0.9219544457292888,14.0,3.0,2.0
0.5615003739340941,-1.315544579983041,1.75330113515718,0.2683281572999747,14.0,4.0,1.0
0.6321301713820847,-0.14785712207452253,1.881614474564568,0.862554346113913,14.0,4.0,2.0
0.6272430144571913,-0.016674989840777022,1.87244116331918,0.9834632682515397,14.0,4.0,3.0
0.5490616025946065,-1.3411912271768163,1.7316273006362528,0.2615339366124404,14.0,5.0,1.0
0.6146694139733818,-0.20684945651763398,1.8490452299931566,0.8131420540102449,14.0,5.0,2.0
0.6444828837020353,-0.08486063740910811,1.9050016671107513,0.9186402995732333,14.0,5.0,3.0
0.5940229813893109,0.02325091682570991,1.8112604450317036,1.023523326553919,14.0,5.0,4.0
0.5590126196661966,-1.3682248378119541,1.7489447738003268,0.2545584412271571,14.0,6.0,1.0
0.6397963265398925,-0.2386148371687376,1.896094655815308,0.7877182237323191,14.0,6.0,2.0
0.6495010465723295,-0.11754481116630516,1.9145853017530414,0.8891006692158093,14.0,6.0,3.0
0.6390165450379486,-0.03628534641741769,1.8946166925958488,0.9643650760992956,14.0,6.0,4.0
0.5991337557074463,0.04765508990216247,1.8205410838219596,1.0488088481701516,14.0,6.0,5.0
0.578914653809377,-1.3968040447319283,1.7841010123179961,0.24738633753705963,14.0,7.0,1.0
0.5739391452735819,-1.4193642623721632,1.7752462492442516,0.24186773244895649,14.0,8.0,1.0
0.5938411794167623,-1.4511209652333261,1.810931184241035,0.2343074902771996,14.0,10.0,1.0
0.5664758824698892,-1.4677891753671222,1.762046438044232,0.2304343724360582,14.0,11.0,1.0
0.5739802541429563,-0.40765740726707644,1.7753192291104687,0.6652067347825035,14.0,11.0,2.0
0.6519851509452481,-0.24920155188371673,1.9193472436050019,0.7794228634059948,14.0,11.0,3.0
0.523867693653612,-0.1807719605251181,1.6885458143714323,0.8346256645946134,14.0,11.0,4.0
0.6569479990373206,-0.12256678460291248,1.9288963481892665,0.8846468221838588,14.0,11.0,5.0
0.5371196705525765,-1.4938820519524072,1.7110713085102556,0.22449944320643644,14.0,13.0,1.0
0.6355185948432359,-0.4593969310461369,1.8880009952026844,0.6316644678941502,14.0,13.0,2.0
0.5073847565517232,-1.5028913047037462,1.660941742975721,0.22248595461286988,14.0,14.0,1.0
0.6693637239033401,-0.48274048803246333,1.9529942816415546,0.6170899448216606,14.0,14.0,2.0
0.5924563809415059,-1.2402581507433539,1.8084251450783884,0.2893095228297886,15.0,2.0,1.0
0.5782640103854653,-1.2852322690748237,1.7829405762827126,0.27658633371878655,15.0,3.0,1.0
0.6135641334087121,-0.08125946474888747,1.8470026452597963,0.9219544457292888,15.0,3.0,2.0
0.5682619624570977,-1.315544579983041,1.7651964061338494,0.2683281572999747,15.0,4.0,1.0
0.6067801469286284,-0.14785712207452253,1.8345150101521612,0.862554346113913,15.0,4.0,2.0
0.6269285052683832,-0.016674989840777022,1.8718523559653286,0.9834632682515397,15.0,4.0,3.0
0.5457573546182706,-1.3411912271768163,1.725915017230051,0.2615339366124404,15.0,5.0,1.0
0.6092831740256228,-0.20684945651763398,1.8391126024811237,0.8131420540102449,15.0,5.0,2.0
0.6237834842645154,-0.08486063740910811,1.8659745886852799,0.9186402995732333,15.0,5.0,3.0
0.6269285052683832,0.02325091682570991,1.8718523559653286,1.023523326553919,15.0,5.0,4.0
0.5682619624570977,-1.3682248378119541,1.7651964061338494,0.2545584412271571,15.0,6.0,1.0
0.6273423127078235,-0.2386148371687376,1.8726271026826833,0.7877182237323191,15.0,6.0,2.0
0.6142629854721184,-0.11754481116630516,1.8482938780073357,0.8891006692158093,15.0,6.0,3.0
0.6362253044365914,-0.03628534641741769,1.8893357351994873,0.9643650760992956,15.0,6.0,4.0
0.6192230301425788,0.04765508990216247,1.8574842717462685,1.0488088481701516,15.0,6.0,5.0
0.5932670822780166,-1.3968040447319283,1.809891832202759,0.24738633753705963,15.0,7.0,1.0
0.6032931825493453,-0.2920567097679115,1.8281292615677411,0.7467261881037788,15.0,7.0,2.0
0.5895048964232141,-0.15749237748989492,1.8030954753480597,0.8542833253669417,15.0,7.0,3.0
0.6766199733345358,-0.07867790538810333,1.967217235530482,0.9243376006633074,15.0,7.0,4.0
0.6229588531178736,-0.005631596139355368,1.8644364821930297,0.9943842315724842,15.0,7.0,5.0
0.6695554864478457,0.07144374377427384,1.9533688287053081,1.0740577265678042,15.0,7.0,6.0
0.5932670822780166,-1.4349905341242155,1.809891832202759,0.2381176179958131,15.0,9.0,1.0
0.5882660583138328,-1.4677891753671222,1.8008631150103798,0.2304343724360582,15.0,11.0,1.0
0.5561932200890213,-1.4763363920467723,1.7440207443096674,0.2284731931759172,15.0,12.0,1.0
0.6256794202391537,-0.4297189601406862,1.8695157128473383,0.6506919393998976,15.0,12.0,2.0
0.5801602919331443,-0.26892714807695495,1.786324741248827,0.7641989269817121,15.0,12.0,3.0
0.635929535182208,-0.1928312404059923,1.8887770104086878,0.8246211251235321,15.0,12.0,4.0
0.6430330414264511,-0.14517615050382993,1.9022417163887946,0.8648699324175861,15.0,12.0,5.0
0.6816085323635293,-0.09455225454539344,1.9770553333964094,0.9097801932335084,15.0,12.0,6.0
0.6235613424489528,-0.056696343677545266,1.865560123739058,0.9448809448814174,15.0,12.0,7.0
0.6509598765456438,-0.020410997260127583,1.9173803944645125,0.9797958971132712,15.0,12.0,8.0
0.4814747182407232,-1.5120658740378445,1.618459414770707,0.220454076850486,15.0,16.0,1.0
0.7044948033407287,-0.5234845277581356,2.022824502561545,0.592452529743945,15.0,16.0,2.0
0.6010243211980002,-1.5120658740378445,1.823986191543918,0.220454076850486,15.0,17.0,1.0
0.7134169822454623,-0.5312366210261182,2.0409532584058674,0.5878775382679627,15.0,17.0,2.0
0.5944606444553981,-1.2402581507433539,1.8120533403293957,0.2893095228297886,16.0,2.0,1.0
0.5802063723715545,-1.2852322690748237,1.7864070577726228,0.27658633371878655,16.0,3.0,1.0
0.6183316430713524,-0.08125946474888747,1.855829272013694,0.9219544457292888,16.0,3.0,2.0
0.5776946973895426,-1.315544579983041,1.7819258139277838,0.2683281572999747,16.0,4.0,1.0
0.6138287135923625,-0.14785712207452253,1.8474913902121455,0.862554346113913,16.0,4.0,2.0
0.6292332679176192,-0.016674989840777022,1.8761715067570337,0.9834632682515397,16.0,4.0,3.0
0.557601297533447,-1.3411912271768163,1.746478190313457,0.2615339366124404,16.0,5.0,1.0
0.6015035620462825,-0.20684945651763398,1.8248605297261604,0.8131420540102449,16.0,5.0,2.0
0.6337291025081095,-0.08486063740910811,1.884625453047252,0.9186402995732333,16.0,5.0,3.0
0.5724741877498648,0.02325091682570991,1.7726474928935707,1.023523326553919,16.0,5.0,4.0
0.5701596724435067,-1.3682248378119541,1.7685494174970497,0.2545584412271571,16.0,6.0,1.0
0.6317441624243307,-0.2386148371687376,1.8808882946873322,0.7877182237323191,16.0,6.0,2.0
0.6163341282832632,-0.11754481116630516,1.8521259255746993,0.8891006692158093,16.0,6.0,3.0
0.6410760541622138,-0.03628534641741769,1.898522693803164,0.9643650760992956,16.0,6.0,4.0
0.5982737696442987,0.04765508990216247,1.8189761168838139,1.0488088481701516,16.0,6.0,5.0
0.6203931720837459,-1.3968040447319283,1.859659064157454,0.24738633753705963,16.0,7.0,1.0
0.5877413973175905,-1.4193642623721632,1.7999185201920596,0.24186773244895649,16.0,8.0,1.0
0.5802063723715545,-1.4349905341242155,1.7864070577726228,0.2381176179958131,16.0,9.0,1.0
0.5838992361592231,-1.2402581507433539,1.7930162115477442,0.2893095228297886,17.0,2.0,1.0
0.569627788329669,-1.2852322690748237,1.767609004274943,0.27658633371878655,17.0,3.0,1.0
0.6309112667941933,-0.08125946474888747,1.8793223632651557,0.9219544457292888,17.0,3.0,2.0
0.5544986402027263,-1.315544579983041,1.7410678644870805,0.2683281572999747,17.0,4.0,1.0
0.610930292675438,-0.14785712207452253,1.8421443352741687,0.862554346113913,17.0,4.0,2.0
0.6315906414789537,-0.016674989840777022,1.880599561102077,0.9834632682515397,17.0,4.0,3.0
0.5343264427001363,-1.3411912271768163,1.7062985652566343,0.2615339366124404,17.0,5.0,1.0
0.620463636640794,-0.20684945651763398,1.8597901088266184,0.8131420540102449,17.0,5.0,2.0
0.5519771155149026,-1.3682248378119541,1.7366832491646376,0.2545584412271571,17.0,6.0,1.0
0.6580605293808377,-0.2386148371687376,1.9310434980693583,0.7877182237323191,17.0,6.0,2.0
0.6134455325219893,-0.11754481116630516,1.8467836020979027,0.8891006692158093,17.0,6.0,3.0
0.6434405701740866,-0.03628534641741769,1.9030170925564824,0.9643650760992956,17.0,6.0,4.0
0.6030998090810221,0.04765508990216247,1.827775784049577,1.0488088481701516,17.0,6.0,5.0
0.5771923623931402,-1.3968040447319283,1.7810309150187933,0.24738633753705963,17.0,7.0,1.0
0.5771923623931402,-1.4193642623721632,1.7810309150187933,0.24186773244895649,17.0,8.0,1.0
0.6024076092713778,-1.4511209652333261,1.8265110357795407,0.2343074902771996,17.0,10.0,1.0
0.5775622930265877,-1.4763363920467723,1.7816898947942637,0.2284731931759172,17.0,12.0,1.0
0.6529086814450394,-1.5120658740378445,1.9211206380900638,0.220454076850486,17.0,16.0,1.0
0.7106241153194008,-0.5234845277581356,2.035261099973293,0.592452529743945,17.0,16.0,2.0
0.6529086814450394,-1.5120658740378445,1.9211206380900638,0.220454076850486,17.0,17.0,1.0
0.6296497185369441,-0.5659811341748319,1.8769530022588305,0.5678027826631357,17.0,19.0,2.0
0.5809309326530535,-1.2402581507433539,1.787701886407327,0.2893095228297886,18.0,2.0,1.0
0.5640944424869446,-1.2852322690748237,1.7578552227494961,0.27658633371878655,18.0,3.0,1.0
0.6151761143472763,-0.08125946474888747,1.8499823793094456,0.9219544457292888,18.0,3.0,2.0
0.5463824826137937,-1.315544579983041,1.7269942723263565,0.2683281572999747,18.0,4.0,1.0
0.6181528737625835,-0.14785712207452253,1.8554975363505044,0.862554346113913,18.0,4.0,2.0
0.6209965125128039,-0.016674989840777022,1.8607814101994493,0.9834632682515397,18.0,4.0,3.0
0.5210796827950066,-1.3411912271768163,1.6838446867482995,0.2615339366124404,18.0,5.0,1.0
0.6079058706599859,-0.20684945651763398,1.836581330069092,0.8131420540102449,18.0,5.0,2.0
0.6306876290391205,-0.08486063740910811,1.878902122823343,0.9186402995732333,18.0,5.0,3.0
0.6080011675585705,0.02325091682570991,1.8367563589135665,1.023523326553919,18.0,5.0,4.0
0.5413219226500363,-1.3682248378119541,1.7182767905278893,0.2545584412271571,18.0,6.0,1.0
0.6334977448317197,-0.2386148371687376,1.884189480916264,0.7877182237323191,18.0,6.0,2.0
0.6156289004443428,-0.11754481116630516,1.8508202152765396,0.8891006692158093,18.0,6.0,3.0
0.6330291616492351,-0.03628534641741769,1.8833067882365158,0.9643650760992956,18.0,6.0,4.0
0.6054020985677238,0.04765508990216247,1.8319887008373634,1.0488088481701516,18.0,6.0,5.0
0.5716852824325808,-1.3968040447319283,1.7712495933384538,0.24738633753705963,18.0,7.0,1.0
0.5716852824325808,-1.4193642623721632,1.7712495933384538,0.24186773244895649,18.0,8.0,1.0
0.49071632301246215,-1.4511209652333261,1.6334859045133157,0.2343074902771996,18.0,10.0,1.0
0.5166398544280572,-1.4938820519524072,1.6763852768457475,0.22449944320643644,18.0,13.0,1.0
0.47565153607586375,-0.48274048803246333,1.609062218120498,0.6170899448216606,18.0,14.0,2.0
0.5907214348124562,-1.2402581507433539,1.8052903450141993,0.2893095228297886,19.0,2.0,1.0
0.5763463245044627,-1.2852322690748237,1.7795247326173123,0.27658633371878655,19.0,3.0,1.0
0.6227077631217992,-0.08125946474888747,1.8639683996119207,0.9219544457292888,19.0,3.0,2.0
0.5611176425082638,-1.315544579983041,1.7526302201121369,0.2683281572999747,19.0,4.0,1.0
0.6178637498840235,-0.14785712207452253,1.85496114525161,0.862554346113913,19.0,4.0,2.0
0.633822877749366,-0.016674989840777022,1.8848021925405543,0.9834632682515397,19.0,4.0,3.0
0.5408127331799988,-1.3682248378119541,1.7174020847939162,0.2545584412271571,19.0,6.0,1.0
0.628336825609114,-0.2386148371687376,1.8744903808691311,0.7877182237323191,19.0,6.0,2.0
0.6229273248382649,-0.11754481116630516,1.8643777006449518,0.8891006692158093,19.0,6.0,3.0
0.6457089932634247,-0.03628534641741769,1.9073388403917135,0.9643650760992956,19.0,6.0,4.0
0.584287680512053,0.04765508990216247,1.7937128338603947,1.0488088481701516,19.0,6.0,5.0
0.5814225518365289,-1.4193642623721632,1.7885809710187441,0.24186773244895649,19.0,8.0,1.0
0.583960665502562,-1.4349905341242155,1.7931263587393156,0.2381176179958131,19.0,9.0,1.0
0.5484270741780982,-1.4677891753671222,1.7305288824328338,0.2304343724360582,19.0,11.0,1.0
0.5539834999842344,-1.4763363920467723,1.7401712013804025,0.2284731931759172,19.0,12.0,1.0
0.5034221077560628,-1.5120658740378445,1.6543730375101264,0.220454076850486,19.0,16.0,1.0
0.7101801767405496,-0.5234845277581356,2.034357769579421,0.592452529743945,19.0,16.0,2.0
0.5947117523813555,-0.5312366210261182,1.8125084184198765,0.5878775382679627,19.0,17.0,2.0
0.5388150823157829,-1.5214119405439208,1.7139747394944373,0.21840329667841554,19.0,18.0,1.0
0.6015040126377788,-0.5391107995101878,1.8248613519929822,0.5832666628567075,19.0,18.0,2.0
0.5337589430929658,-1.530936038029268,1.7053305162008454,0.21633307652783934,19.0,19.0,1.0
0.6037680993899198,-0.5659811341748319,1.8289976771370737,0.5678027826631357,19.0,19.0,2.0
0.5903961324132594,-1.2402581507433539,1.804703175242765,0.2893095228297886,20.0,2.0,1.0
0.5759867584017745,-1.2852322690748237,1.7788849908661843,0.27658633371878655,20.0,3.0,1.0
0.6251065252235257,-0.08125946474888747,1.868444983350891,0.9219544457292888,20.0,3.0,2.0
0.5632609384929139,-1.315544579983041,1.7563906538472114,0.2683281572999747,20.0,4.0,1.0
0.6252199990536575,-0.14785712207452253,1.868657014989336,0.862554346113913,20.0,4.0,2.0
0.6310564383714926,-0.016674989840777022,1.8795952072610023,0.9834632682515397,20.0,4.0,3.0
0.5454447906205092,-1.3411912271768163,1.725375642631401,0.2615339366124404,20.0,5.0,1.0
0.6047638973571263,-0.20684945651763398,1.8308198964365512,0.8131420540102449,20.0,5.0,2.0
0.638108824303454,-0.08486063740910811,1.8928976900452208,0.9186402995732333,20.0,5.0,3.0
0.6232133654755847,0.02325091682570991,1.8649110647089109,1.023523326553919,20.0,5.0,4.0
0.5708964304382302,-1.3968040447319283,1.7698528905325825,0.24738633753705963,20.0,7.0,1.0
0.5708964304382302,-1.4193642623721632,1.7698528905325825,0.24186773244895649,20.0,8.0,1.0
0.586167414328863,-1.4511209652333261,1.7970877074701426,0.2343074902771996,20.0,10.0,1.0
0.5734415944200024,-1.4677891753671222,1.7743631936583737,0.2304343724360582,20.0,11.0,1.0
0.5510340854375911,-1.4763363920467723,1.7350462766044066,0.2284731931759172,20.0,12.0,1.0
0.5890604658425286,-1.530936038029268,1.8022943026249358,0.21633307652783934,20.0,19.0,1.0
0.5987430846261401,-0.5659811341748319,1.8198299899791248,0.5678027826631357,20.0,19.0,2.0
0.5849831813110957,-1.2402581507433539,1.7949607964987981,0.2893095228297886,21.0,2.0,1.0
0.5731098938509495,-1.2852322690748237,1.7737747339789314,0.27658633371878655,21.0,3.0,1.0
0.6092886907037334,-0.08125946474888747,1.8391227483013464,0.9219544457292888,21.0,3.0,2.0
0.5629037224954723,-1.315544579983041,1.7557633550551526,0.2683281572999747,21.0,4.0,1.0
0.6097325594151756,-0.14785712207452253,1.839939258544088,0.862554346113913,21.0,4.0,2.0
0.6230495586064136,-0.016674989840777022,1.864605604485043,0.9834632682515397,21.0,4.0,3.0
0.5501460083011258,-1.3411912271768163,1.7335061056719658,0.2615339366124404,21.0,5.0,1.0
0.6093815528374541,-0.20684945651763398,1.8392935410938969,0.8131420540102449,21.0,5.0,2.0
0.6275375315176677,-0.08486063740910811,1.872992710402542,0.9186402995732333,21.0,5.0,3.0
0.6125659189794691,0.02325091682570991,1.8451598604686499,1.023523326553919,21.0,5.0,4.0
0.5629037224954723,-1.3682248378119541,1.7557633550551526,0.2545584412271571,21.0,6.0,1.0
0.6376490827757428,-0.2386148371687376,1.8920276463823245,0.7877182237323191,21.0,6.0,2.0
0.6173681089493491,-0.11754481116630516,1.8540419783829727,0.8891006692158093,21.0,6.0,3.0
0.6299708579039209,-0.03628534641741769,1.8775558625537268,0.9643650760992956,21.0,6.0,4.0
0.6151868288862052,0.04765508990216247,1.8500022011238573,1.0488088481701516,21.0,6.0,5.0
0.5807645223675573,-1.4193642623721632,1.7874044191775176,0.24186773244895649,21.0,8.0,1.0
0.5807645223675573,-1.4349905341242155,1.7874044191775176,0.2381176179958131,21.0,9.0,1.0
0.596073779400773,-1.4511209652333261,1.8149787858303645,0.2343074902771996,21.0,10.0,1.0
0.5654552653343415,-1.4677891753671222,1.7602489806698598,0.2304343724360582,21.0,11.0,1.0
0.5303213034626378,-1.4938820519524072,1.699478269156906,0.22449944320643644,21.0,13.0,1.0
0.6464379652272412,-0.4593969310461369,1.9087297438350708,0.6316644678941502,21.0,13.0,2.0
0.5099897383338492,-1.5028913047037462,1.6652741063712786,0.22248595461286988,21.0,14.0,1.0
0.5303213034626378,-1.5120658740378445,1.699478269156906,0.220454076850486,21.0,16.0,1.0
0.5150726296160464,-1.5120658740378445,1.673760061933695,0.220454076850486,21.0,17.0,1.0
0.5557357598736237,-1.5214119405439208,1.7432231066619728,0.21840329667841554,21.0,18.0,1.0
0.7052686657967517,-0.5391107995101878,2.02439049635295,0.5832666628567075,21.0,18.0,2.0
0.5557357598736237,-1.530936038029268,1.7432231066619728,0.21633307652783934,21.0,19.0,1.0
0.5847039833174313,-1.2402581507433539,1.79445971699916,0.2893095228297886,22.0,2.0,1.0
0.5753656896789499,-1.2852322690748237,1.7777805240472555,0.27658633371878655,22.0,3.0,1.0
0.6221576784465468,-0.08125946474888747,1.8629433411204712,0.9219544457292888,22.0,3.0,2.0
0.5625789806796163,-1.315544579983041,1.7551932778439827,0.2683281572999747,22.0,4.0,1.0
0.6197050498673841,-0.14785712207452253,1.858379831625189,0.862554346113913,22.0,4.0,2.0
0.6334081093514459,-0.016674989840777022,1.8840205982562674,0.9834632682515397,22.0,4.0,3.0
0.5344482208810825,-1.3411912271768163,1.706506367844716,0.2615339366124404,22.0,5.0,1.0
0.614048956694219,-0.20684945651763398,1.8478983322580234,0.8131420540102449,22.0,5.0,2.0
0.6404479938986946,-0.08486063740910811,1.8973306815067588,0.9186402995732333,22.0,5.0,3.0
0.5966319780691984,0.02325091682570991,1.8159921873852214,1.023523326553919,22.0,5.0,4.0
0.5497922716802827,-1.3682248378119541,1.7328930095236075,0.2545584412271571,22.0,6.0,1.0
0.6399134489270282,-0.2386148371687376,1.8963167439531248,0.7877182237323191,22.0,6.0,2.0
0.6197050498673841,-0.11754481116630516,1.858379831625189,0.8891006692158093,22.0,6.0,3.0
0.6401971834236238,-0.03628534641741769,1.8968548707688164,0.9643650760992956,22.0,6.0,4.0
0.6018857111095195,0.04765508990216247,1.8255580317345146,1.0488088481701516,22.0,6.0,5.0
0.5779230314788166,-1.3968040447319283,1.7823327347908453,0.24738633753705963,22.0,7.0,1.0
0.5881523986782834,-1.4511209652333261,1.8006584411968491,0.2343074902771996,22.0,10.0,1.0
0.6014636083230315,-0.4297189601406862,1.824787621210077,0.6506919393998976,22.0,12.0,2.0
0.5401174212065086,-1.4938820519524072,1.7162083696113843,0.22449944320643644,22.0,13.0,1.0
0.6391210264215367,-0.4593969310461369,1.894814655110779,0.6316644678941502,22.0,13.0,2.0
0.5375701995525894,-1.5028913047037462,1.711842369435441,0.22248595461286988,22.0,14.0,1.0
0.6800095055510336,-0.48274048803246333,1.973896495115141,0.6170899448216606,22.0,14.0,2.0
0.5870195058083636,-1.2402581507433539,1.7986196431755843,0.2893095228297886,23.0,2.0,1.0
0.5725330232960745,-1.2852322690748237,1.7727517906452297,0.27658633371878655,23.0,3.0,1.0
0.6246245177976792,-0.08125946474888747,1.8675445960082553,0.9219544457292888,23.0,3.0,2.0
0.5520319312689856,-1.315544579983041,1.7367784493757559,0.2683281572999747,23.0,4.0,1.0
0.6169586664380963,-0.14785712207452253,1.8532830101669044,0.862554346113913,23.0,4.0,2.0
0.6306615925964125,-0.016674989840777022,1.878853203532713,0.9834632682515397,23.0,4.0,3.0
0.5084671107114219,-1.3411912271768163,1.6627404434201052,0.2615339366124404,23.0,5.0,1.0
0.6014684744945085,-0.20684945651763398,1.8247965009611562,0.8131420540102449,23.0,5.0,2.0
0.6455710133406299,-0.08486063740910811,1.907075684081334,0.9186402995732333,23.0,5.0,3.0
0.6306615925964125,0.02325091682570991,1.878853203532713,1.023523326553919,23.0,5.0,4.0
0.5469066582622134,-1.3682248378119541,1.7278997579648985,0.2545584412271571,23.0,6.0,1.0
0.632346324262538,-0.2386148371687376,1.8820212349127745,0.7877182237323191,23.0,6.0,2.0
0.6271836632055983,-0.11754481116630516,1.872330034890441,0.8891006692158093,23.0,6.0,3.0
0.6374995664502545,-0.03628534641741769,1.8917447785081247,0.9643650760992956,23.0,6.0,4.0
0.6148677615932113,0.04765508990216247,1.8494120200882516,1.0488088481701516,23.0,6.0,5.0
0.5750956597994606,-1.3968040447319283,1.7773005349951982,0.24738633753705963,23.0,7.0,1.0
0.5699703867926884,-1.4193642623721632,1.768214688150285,0.24186773244895649,23.0,8.0,1.0
0.5776582963028467,-1.4349905341242155,1.7818609510722916,0.2381176179958131,23.0,9.0,1.0
0.5981593883299355,-1.4511209652333261,1.8187680719032255,0.2343074902771996,23.0,10.0,1.0
0.562752359795787,-1.4763363920467723,1.7554976180855628,0.2284731931759172,23.0,12.0,1.0
0.686664299846331,-0.48274048803246333,1.987076175641842,0.6170899448216606,23.0,14.0,2.0
0.48617749765312124,-1.5028913047037462,1.6260885975073822,0.22248595461286988,23.0,15.0,1.0
0.7072379577244824,-0.5066762223586431,2.0283810401992373,0.6024948132556828,23.0,15.0,2.0
0.616354763295653,-1.5120658740378445,1.8521641446104449,0.220454076850486,23.0,16.0,1.0
0.5929398584014192,-0.5312366210261182,1.8092996892681406,0.5878775382679627,23.0,17.0,2.0
0.5346749103434761,-1.5214119405439208,1.706893258706198,0.21840329667841554,23.0,18.0,1.0
0.5346749103434761,-1.530936038029268,1.706893258706198,0.21633307652783934,23.0,19.0,1.0
0.5975117823743417,-0.5659811341748319,1.81759060817543,0.5678027826631357,23.0,19.0,2.0
0.5842153868285193,-1.2402581507433539,1.7935831644396296,0.2893095228297886,24.0,2.0,1.0
0.5722806424283169,-1.2852322690748237,1.7723044384639284,0.27658633371878655,24.0,3.0,1.0
0.616620814245046,-0.08125946474888747,1.8526569801963308,0.9219544457292888,24.0,3.0,2.0
0.562010682501868,-1.315544579983041,1.7541960880799887,0.2683281572999747,24.0,4.0,1.0
0.6116573541935818,-0.14785712207452253,1.8434841745449784,0.862554346113913,24.0,4.0,2.0
0.6279146226207927,-0.016674989840777022,1.8736991324742207,0.9834632682515397,24.0,4.0,3.0
0.5414707626489703,-1.3411912271768163,1.7185325578772936,0.2615339366124404,24.0,5.0,1.0
0.6061842414529396,-0.20684945651763398,1.8334221382688882,0.8131420540102449,24.0,5.0,2.0
0.6323604394470644,-0.08486063740910811,1.8820478001772742,0.9186402995732333,24.0,5.0,3.0
0.6120908790588732,0.02325091682570991,1.84428354403417,1.023523326553919,24.0,5.0,4.0
0.5568757025386436,-1.3682248378119541,1.745211414118844,0.2545584412271571,24.0,6.0,1.0
0.6371122718347053,-0.2386148371687376,1.8910122578012343,0.7877182237323191,24.0,6.0,2.0
0.619340625912344,-0.11754481116630516,1.8577027168828912,0.8891006692158093,24.0,6.0,3.0
0.6348006087129822,-0.03628534641741769,1.8866459231938897,0.9643650760992956,24.0,6.0,4.0
0.60945358846522,0.04765508990216247,1.839426040531058,1.0488088481701516,24.0,6.0,5.0
0.5774156223915413,-1.4349905341242155,1.7814285923691033,0.2381176179958131,24.0,9.0,1.0
0.48320925489077293,-1.4938820519524072,1.6212691280130964,0.22449944320643644,24.0,13.0,1.0
0.6457334897185958,-0.4593969310461369,1.9073855640043924,0.6316644678941502,24.0,13.0,2.0
0.5891599832963115,-1.2402581507433539,1.802473671289909,0.2893095228297886,25.0,2.0,1.0
0.5720484520299799,-1.2852322690748237,1.7718929741612657,0.27658633371878655,25.0,3.0,1.0
0.6191117810161482,-0.08125946474888747,1.8572776397377062,0.9219544457292888,25.0,3.0,2.0
0.5257532587615356,-1.3411912271768163,1.6917326810202162,0.2615339366124404,25.0,5.0,1.0
0.6109359380643872,-0.20684945651763398,1.8421547349247969,0.8131420540102449,25.0,5.0,2.0
0.6375066125565939,-0.08486063740910811,1.8917581079899615,0.9186402995732333,25.0,5.0,3.0
0.6198834994390764,0.02325091682570991,1.8587114883013,1.023523326553919,25.0,5.0,4.0
0.5797643175747207,-1.4349905341242155,1.7856175424810043,0.2381176179958131,25.0,9.0,1.0
0.7160779421984732,-1.4677891753671222,2.0463913854027163,0.2304343724360582,25.0,11.0,1.0
0.5571183063023811,-1.4763363920467723,1.7456348603391734,0.2284731931759172,25.0,12.0,1.0
0.6052965955223436,-0.4297189601406862,1.8317954306457993,0.6506919393998976,25.0,12.0,2.0
0.7005778298511134,-1.4938820519524072,2.014916650145639,0.22449944320643644,25.0,13.0,1.0
0.6550043874123705,-0.4593969310461369,1.9251509637889874,0.6316644678941502,25.0,13.0,2.0
0.6775218349950671,-1.5120658740378445,1.9689921935961516,0.220454076850486,25.0,16.0,1.0
0.7046859928886875,-0.5234845277581356,2.0232112824367463,0.592452529743945,25.0,16.0,2.0
0.5238152026214254,-1.5214119405439208,1.6884571831849333,0.21840329667841554,25.0,18.0,1.0
0.5830894403870315,-0.5391107995101878,1.791564822343897,0.5832666628567075,25.0,18.0,2.0
0.6595893945514756,-1.530936038029268,1.933998061205373,0.21633307652783934,25.0,19.0,1.0
0.5889698065090886,-1.2402581507433539,1.8021309152312053,0.2893095228297886,26.0,2.0,1.0
0.5795623531453977,-1.2852322690748237,1.7852569476679367,0.27658633371878655,26.0,3.0,1.0
0.6189896541583932,-0.08125946474888747,1.8570508301056423,0.9219544457292888,26.0,3.0,2.0
0.5692580455268872,-1.315544579983041,1.7669555643772739,0.2683281572999747,26.0,4.0,1.0
0.6164626110879247,-0.14785712207452253,1.852363907196149,0.862554346113913,26.0,4.0,2.0
0.6303578650771202,-0.016674989840777022,1.8782826307638019,0.9834632682515397,26.0,4.0,3.0
0.5718341224315148,-1.3682248378119541,1.7715132457465637,0.2545584412271571,26.0,6.0,1.0
0.6417783977068003,-0.2386148371687376,1.8998565773288174,0.7877182237323191,26.0,6.0,2.0
0.6138929549946931,-0.11754481116630516,1.8476100794621877,0.8891006692158093,26.0,6.0,3.0
0.6398366210693303,-0.03628534641741769,1.8961710595965504,0.9643650760992956,26.0,6.0,4.0
0.6065428664053352,0.04765508990216247,1.8340797671099536,1.0488088481701516,26.0,6.0,5.0
0.5872905838592807,-1.3968040447319283,1.7991072755730313,0.24738633753705963,26.0,7.0,1.0
0.49197573838805786,-1.4349905341242155,1.6355444377794106,0.2381176179958131,26.0,9.0,1.0
0.4971278921973131,-1.4511209652333261,1.6439927591220522,0.2343074902771996,26.0,10.0,1.0
0.5979375359781853,-0.4297189601406862,1.8183646186843632,0.6506919393998976,26.0,12.0,2.0
0.5004348802024113,-1.5028913047037462,1.6494384228663874,0.22248595461286988,26.0,14.0,1.0
0.5666912599275074,-0.48274048803246333,1.762425983997617,0.6170899448216606,26.0,14.0,2.0
0.5887937168912897,-1.2402581507433539,1.801813606625314,0.2893095228297886,27.0,2.0,1.0
0.5819552423590296,-1.2852322690748237,1.7895339849589422,0.27658633371878655,27.0,3.0,1.0
0.6241484610807939,-0.08125946474888747,1.8666557504464791,0.9219544457292888,27.0,3.0,2.0
0.5690557757847461,-1.315544579983041,1.766598198874225,0.2683281572999747,27.0,4.0,1.0
0.6111748298827416,-0.14785712207452253,1.842594863188541,0.862554346113913,27.0,4.0,2.0
0.6329216525884532,-0.016674989840777022,1.883104326575975,0.9834632682515397,27.0,4.0,3.0
0.5484166292658923,-1.3411912271768163,1.7305108073049835,0.2615339366124404,27.0,5.0,1.0
0.598149971820057,-0.20684945651763398,1.8187509455363453,0.8131420540102449,27.0,5.0,2.0
0.6373281794464132,-0.08486063740910811,1.891420585820504,0.9186402995732333,27.0,5.0,3.0
0.6355716837163753,0.02325091682570991,1.8881012297086508,1.023523326553919,27.0,5.0,4.0
0.5638959891550326,-1.3682248378119541,1.7575064051366762,0.2545584412271571,27.0,6.0,1.0
0.6267697143707169,-0.2386148371687376,1.8715551464471338,0.7877182237323191,27.0,6.0,2.0
0.6163217558650365,-0.11754481116630516,1.8521030104398977,0.8891006692158093,27.0,6.0,3.0
0.634536776171573,-0.03628534641741769,1.8861482302619166,0.9643650760992956,27.0,6.0,4.0
0.6196714969488428,0.04765508990216247,1.8583174786041485,1.0488088481701516,27.0,6.0,5.0
0.5845351356738864,-1.3968040447319283,1.7941567522826674,0.24738633753705963,27.0,7.0,1.0
0.5845351356738864,-1.4193642623721632,1.7941567522826674,0.24186773244895649,27.0,8.0,1.0
0.5767954557293162,-1.4349905341242155,1.7803241522488509,0.2381176179958131,27.0,9.0,1.0
0.5772250946833569,-1.4763363920467723,1.7810892131937,0.2284731931759172,27.0,12.0,1.0
0.638897508907349,-1.5120658740378445,1.894391178178241,0.220454076850486,27.0,17.0,1.0
0.7090621092086282,-0.5312366210261182,2.032084491285082,0.5878775382679627,27.0,17.0,2.0
0.6517459285373474,-1.5214119405439208,1.9188881476509982,0.21840329667841554,27.0,18.0,1.0
0.6837471968400386,-0.5391107995101878,1.9812881160436246,0.5832666628567075,27.0,18.0,2.0
0.5860388987246382,-1.2402581507433539,1.7968567684975207,0.2893095228297886,28.0,2.0,1.0
0.5714513910056844,-1.2852322690748237,1.7708353616881827,0.27658633371878655,28.0,3.0,1.0
0.6134924415340859,-0.08125946474888747,1.8468702349241475,0.9219544457292888,28.0,3.0,2.0
0.563701079632619,-1.315544579983041,1.757163883784033,0.2683281572999747,28.0,4.0,1.0
0.6213449576650647,-0.14785712207452253,1.8614299034368516,0.862554346113913,28.0,4.0,2.0
0.6354988806634103,-0.016674989840777022,1.8879637751784364,0.9834632682515397,28.0,4.0,3.0
0.563701079632619,-1.3682248378119541,1.757163883784033,0.2545584412271571,28.0,6.0,1.0
0.6291214575409763,-0.2386148371687376,1.875961743041315,0.7877182237323191,28.0,6.0,2.0
0.6342299475039825,-0.11754481116630516,1.8855695946890778,0.8891006692158093,28.0,6.0,3.0
0.642311759636773,-0.03628534641741769,1.9008701587784236,0.9643650760992956,28.0,6.0,4.0
0.6142695104188476,0.04765508990216247,1.848305938065775,1.0488088481701516,28.0,6.0,5.0
0.5817851395031051,-1.4193642623721632,1.7892296060059252,0.24186773244895649,28.0,8.0,1.0
0.5843685766274602,-1.4677891753671222,1.7938579441301594,0.2304343724360582,28.0,11.0,1.0
0.5307342883793162,-1.4938820519524072,1.7001802729968114,0.22449944320643644,28.0,13.0,1.0
0.6450290142099501,-0.4593969310461369,1.9060423307820131,0.6316644678941502,28.0,13.0,2.0
0.5178682198212547,-1.5028913047037462,1.6784457557568997,0.22248595461286988,28.0,15.0,1.0
0.6974446887597563,-0.5066762223586431,2.0086135114610846,0.6024948132556828,28.0,15.0,2.0
0.6285320924309395,-0.23604289772503,1.8748564423870175,0.789746794865291,28.0,15.0,4.0
0.6204971000003684,-0.18661998040671374,1.859852344693068,0.8297590011563599,28.0,15.0,5.0
0.6294788397397889,-0.14517615050382993,1.8766322981890309,0.8648699324175861,28.0,15.0,6.0
0.6645902440901716,-0.10560749022446794,1.9436939180717017,0.8997777503361595,28.0,15.0,7.0
0.6633149273560736,-0.07262850632856926,1.9412166726640376,0.9299462350050136,28.0,15.0,8.0
0.6815635805933573,-0.04616730560139805,1.9769664632568953,0.9548821916864928,28.0,15.0,9.0
0.6312865934768283,-0.015229603742354287,1.8800278554801062,0.9848857801796105,28.0,15.0,10.0
0.6130816396273278,0.019610356576640665,1.8461116929260228,1.019803902718557,28.0,15.0,11.0
0.5806941224773929,-1.2402581507433539,1.7872785905319417,0.2893095228297886,29.0,2.0,1.0
0.573866558279028,-1.2852322690748237,1.775117394131085,0.27658633371878655,29.0,3.0,1.0
0.6292455511012377,-0.08125946474888747,1.8761945522576866,0.9219544457292888,29.0,3.0,2.0
0.5609328756130354,-1.315544579983041,1.752306421982392,0.2683281572999747,29.0,4.0,1.0
0.6109086095733127,-0.14785712207452253,1.8421043923034628,0.862554346113913,29.0,4.0,2.0
0.6274599173460248,-0.016674989840777022,1.8728473452661012,0.9834632682515397,29.0,4.0,3.0
0.5428257198806458,-1.3411912271768163,1.7208626742419784,0.2615339366124404,29.0,5.0,1.0
0.6028003495632279,-0.20684945651763398,1.8272285211402828,0.8131420540102449,29.0,5.0,2.0
0.6424602289320178,-0.08486063740910811,1.9011524005828517,0.9186402995732333,29.0,5.0,3.0
0.6008893134639413,0.02325091682570991,1.8237399559234733,1.023523326553919,29.0,5.0,4.0
0.5557594025466384,-1.3682248378119541,1.743264321603089,0.2545584412271571,29.0,6.0,1.0
0.6389522376119163,-0.2386148371687376,1.894494858590488,0.7877182237323191,29.0,6.0,2.0
0.616069187879168,-0.11754481116630516,1.8516352875813265,0.8891006692158093,29.0,6.0,3.0
0.644871733655738,-0.03628534641741769,1.9057425709616893,0.9643650760992956,29.0,6.0,4.0
0.5982322530757329,0.04765508990216247,1.8189006008047328,1.0488088481701516,29.0,6.0,5.0
0.5764532948122265,-1.4193642623721632,1.7797150991072332,0.24186773244895649,29.0,8.0,1.0
0.6747492830737701,-1.4511209652333261,1.9635406213824913,0.2343074902771996,29.0,10.0,1.0
0.5712798217458295,-1.4677891753671222,1.7705315668375268,0.2304343724360582,29.0,11.0,1.0
0.6520251847785675,-0.4593969310461369,1.9194240839707315,0.6316644678941502,29.0,13.0,2.0
0.5588940734557217,-0.48274048803246333,1.748737455313716,0.6170899448216606,29.0,14.0,2.0
0.4789841015124465,-1.5028913047037462,1.6144334683041868,0.22248595461286988,29.0,15.0,1.0
0.6973416771498647,-0.5066762223586431,2.0084066116063455,0.6024948132556828,29.0,15.0,2.0
0.593531293217113,-1.2402581507433539,1.810370088600912,0.2893095228297886,30.0,2.0,1.0
0.5788891383809883,-1.2852322690748237,1.784055490797131,0.27658633371878655,30.0,3.0,1.0
0.618582564632544,-0.08125946474888747,1.8562949980198375,0.9219544457292888,30.0,3.0,2.0
0.5633502424922744,-1.315544579983041,1.756547513561035,0.2683281572999747,30.0,4.0,1.0
0.6185388932112557,-0.14785712207452253,1.8562139327490743,0.862554346113913,30.0,4.0,2.0
0.6247269409467249,-0.016674989840777022,1.8677358856028357,0.9834632682515397,30.0,4.0,3.0
0.5400418986592035,-1.3411912271768163,1.716078762077812,0.2615339366124404,30.0,5.0,1.0
0.6101439886291461,-0.20684945651763398,1.8406964190552806,0.8131420540102449,30.0,5.0,2.0
0.6318129742226464,-0.08486063740910811,1.8810177264464856,0.9186402995732333,30.0,5.0,3.0
0.6194064938360505,0.02325091682570991,1.8578250839337038,1.023523326553919,30.0,5.0,4.0
0.5581706105293698,-1.3682248378119541,1.7474727661299039,0.2545584412271571,30.0,6.0,1.0
0.6388515392836668,-0.2386148371687376,1.8943040957302621,0.7877182237323191,30.0,6.0,2.0
0.6237056150627132,-0.11754481116630516,1.8658292923906026,0.8891006692158093,30.0,6.0,3.0
0.6343257101384456,-0.03628534641741769,1.8857501704469959,0.9643650760992956,30.0,6.0,4.0
0.6114258231700389,0.04765508990216247,1.8430574001748208,1.0488088481701516,30.0,6.0,5.0
0.5866585863253453,-1.3968040447319283,1.7979706034364118,0.24738633753705963,30.0,7.0,1.0
0.48047613108580006,-1.4349905341242155,1.6168440486645084,0.2381176179958131,30.0,9.0,1.0
0.6099669301584162,-1.4511209652333261,1.840370537013184,0.2343074902771996,30.0,10.0,1.0
0.5892484023067976,-1.4677891753671222,1.8026330512743582,0.2304343724360582,30.0,11.0,1.0
0.48129681704584626,-1.4938820519524072,1.6181715145166182,0.22449944320643644,30.0,13.0,1.0
0.63759679759374,-0.4593969310461369,1.89192872395859,0.6316644678941502,30.0,13.0,2.0
0.5277290289087172,-1.530936038029268,1.6950784601052042,0.21633307652783934,30.0,19.0,1.0
0.5830017761947694,-1.2402581507433539,1.7914077731447573,0.2893095228297886,31.0,2.0,1.0
0.5709698901796396,-1.2852322690748237,1.7699829082437288,0.27658633371878655,31.0,3.0,1.0
0.6211462324307597,-0.08125946474888747,1.8610600270962472,0.9219544457292888,31.0,3.0,2.0
0.5554137096458882,-1.315544579983041,1.7426617916541431,0.2683281572999747,31.0,4.0,1.0
0.6158492093108308,-0.14785712207452253,1.8512280122992408,0.862554346113913,31.0,4.0,2.0
0.6406350186258044,-0.016674989840777022,1.8976855624444255,0.9834632682515397,31.0,4.0,3.0
0.5346721356008863,-1.3411912271768163,1.7068885225233477,0.2615339366124404,31.0,5.0,1.0
0.6150145331923059,-0.20684945651763398,1.8496834811687257,0.8131420540102449,31.0,5.0,2.0
0.6343913588279702,-0.08486063740910811,1.8858739715381014,0.9186402995732333,31.0,5.0,3.0
0.6246559227428002,0.02325091682570991,1.8676032470647657,1.023523326553919,31.0,5.0,4.0
0.5476356193790124,-1.3682248378119541,1.7291597889031647,0.2545584412271571,31.0,6.0,1.0
0.6412509110252845,-0.2386148371687376,1.8988546925511551,0.7877182237323191,31.0,6.0,2.0
0.6158492093108308,-0.11754481116630516,1.8512280122992408,0.8891006692158093,31.0,6.0,3.0
0.6447691018328601,-0.03628534641741769,1.9055469911642227,0.9643650760992956,31.0,6.0,4.0
0.6086768268597961,0.04765508990216247,1.8379977997798578,1.0488088481701516,31.0,6.0,5.0
0.5761552836908901,-1.3968040447319283,1.779184803235847,0.24738633753705963,31.0,7.0,1.0
0.5709698901796396,-1.4193642623721632,1.7699829082437288,0.24186773244895649,31.0,8.0,1.0
0.573562586935265,-1.4349905341242155,1.7745778913123065,0.2381176179958131,31.0,9.0,1.0
0.5891187674690164,-1.4511209652333261,1.802399382377319,0.2343074902771996,31.0,10.0,1.0
0.5880783528189817,-1.2402581507433539,1.8005251148314554,0.2893095228297886,32.0,2.0,1.0
0.5734248499201223,-1.2852322690748237,1.7743334830828352,0.27658633371878655,32.0,3.0,1.0
0.6184171845126677,-0.08125946474888747,1.855988029114516,0.9219544457292888,32.0,3.0,2.0
0.5656386574758853,-1.315544579983041,1.7605718261028278,0.2683281572999747,32.0,4.0,1.0
0.6131606030081223,-0.14785712207452253,1.8462574739022242,0.862554346113913,32.0,4.0,2.0
0.6325872135638958,-0.016674989840777022,1.882474648302218,0.9834632682515397,32.0,4.0,3.0
0.5474708751059989,-1.3411912271768163,1.7288749431948114,0.2615339366124404,32.0,5.0,1.0
0.609896504430633,-0.20684945651763398,1.8402409321425364,0.8131420540102449,32.0,5.0,2.0
0.6316761079165419,-0.08486063740910811,1.8807602961157208,0.9186402995732333,32.0,5.0,3.0
0.603261688810556,0.02325091682570991,1.8280716878489147,1.023523326553919,32.0,5.0,4.0
0.5578524650316482,-1.3682248378119541,1.7469169039641796,0.2545584412271571,32.0,6.0,1.0
0.6286843400604173,-0.2386148371687376,1.8751419065660528,0.7877182237323191,32.0,6.0,2.0
0.6183384600359836,-0.11754481116630516,1.8558419231793242,0.8891006692158093,32.0,6.0,3.0
0.6368358883181383,-0.03628534641741769,1.890489685402077,0.9643650760992956,32.0,6.0,4.0
0.6085936024020723,0.04765508990216247,1.8378448397747686,1.0488088481701516,32.0,6.0,5.0
0.5760202474015347,-1.3968040447319283,1.7789445649427496,0.24738633753705963,32.0,7.0,1.0
0.5760202474015347,-1.4193642623721632,1.7789445649427496,0.24186773244895649,32.0,8.0,1.0
0.5853554453026478,-1.2402581507433539,1.7956291201582808,0.2893095228297886,33.0,2.0,1.0
0.5706975260760184,-1.2852322690748237,1.7695008940801578,0.27658633371878655,33.0,3.0,1.0
0.620996388576569,-0.08125946474888747,1.8607811795812217,0.9219544457292888,33.0,3.0,2.0
0.5629037224954723,-1.315544579983041,1.7557633550551526,0.2683281572999747,33.0,4.0,1.0
0.6182473540472238,-0.14785712207452253,1.8556728525677206,0.862554346113913,33.0,4.0,2.0
0.6298639243639278,-0.016674989840777022,1.8773550995931474,0.9834632682515397,33.0,4.0,3.0
0.5888830677639595,-1.3411912271768163,1.8019746074361287,0.2615339366124404,33.0,5.0,1.0
0.5997672598630398,-0.20684945651763398,1.8216947695577594,0.8131420540102449,33.0,5.0,2.0
0.6369226496505481,-0.08486063740910811,1.890653713921653,0.9186402995732333,33.0,5.0,3.0
0.5551099189149261,-1.3682248378119541,1.7421324675605843,0.2545584412271571,33.0,6.0,1.0
0.6260930072450455,-0.2386148371687376,1.8702890801697962,0.7877182237323191,33.0,6.0,2.0
0.6286131909905867,-0.11754481116630516,1.87500849670965,0.8891006692158093,33.0,6.0,3.0
0.6394159649893213,-0.03628534641741769,1.895373591453265,0.9643650760992956,33.0,6.0,4.0
0.6191896731074024,0.04765508990216247,1.8574223126114684,1.0488088481701516,33.0,6.0,5.0
0.5784913296565646,-1.4193642623721632,1.7833459191042984,0.24186773244895649,33.0,8.0,1.0
0.5826346334820385,-1.2402581507433539,1.7907501915558481,0.2893095228297886,34.0,2.0,1.0
0.5679730377532846,-1.2852322690748237,1.7646864709550178,0.27658633371878655,34.0,3.0,1.0
0.6262417104682747,-0.08125946474888747,1.8705672188639355,0.9219544457292888,34.0,3.0,2.0
0.5523711037473751,-1.315544579983041,1.7373676167358727,0.2683281572999747,34.0,4.0,1.0
0.6129739250507611,-0.14785712207452253,1.845912850496031,0.862554346113913,34.0,4.0,2.0
0.6324809799913891,-0.016674989840777022,1.8822746769172007,0.9834632682515397,34.0,4.0,3.0
0.5341688474071473,-1.3411912271768163,1.7060296818222542,0.2615339366124404,34.0,5.0,1.0
0.6121846256010272,-0.20684945651763398,1.8444564473435918,0.8131420540102449,34.0,5.0,2.0
0.6421826096498585,-0.08486063740910811,1.900624677274599,0.9186402995732333,34.0,5.0,3.0
0.6164548867675526,0.02325091682570991,1.8523495989991448,1.023523326553919,34.0,5.0,4.0
0.5757740047562393,-1.4193642623721632,1.778506566856361,0.24186773244895649,34.0,8.0,1.0
0.5731736824219211,-1.4677891753671222,1.7738878841432428,0.2304343724360582,34.0,11.0,1.0
0.49334700680471394,-1.4938820519524072,1.6377887466342211,0.22449944320643644,34.0,13.0,1.0
0.6394968094802929,-0.4593969310461369,1.8955268281605553,0.6316644678941502,34.0,13.0,2.0
0.5903577426891305,-1.2402581507433539,1.8046338945155753,0.2893095228297886,35.0,2.0,1.0
0.580866584081112,-1.2852322690748237,1.7875868540450035,0.27658633371878655,35.0,3.0,1.0
0.6155454361256536,-0.08125946474888747,1.8506657442747536,0.9219544457292888,35.0,3.0,2.0
0.565251141907232,-1.315544579983041,1.75988970928446,0.2683281572999747,35.0,4.0,1.0
0.6180807602392052,-0.14785712207452253,1.8553637347100502,0.862554346113913,35.0,4.0,2.0
0.6324324160725292,-0.016674989840777022,1.8821832685021125,0.9834632682515397,35.0,4.0,3.0
0.5444305523420586,-1.3411912271768163,1.7236265877390842,0.2615339366124404,35.0,5.0,1.0
0.6045609910577245,-0.20684945651763398,1.8304484492322572,0.8131420540102449,35.0,5.0,2.0
0.6288410201472343,-0.08486063740910811,1.8754357269800708,0.9186402995732333,35.0,5.0,3.0
0.616392447443304,0.02325091682570991,1.8522339431526853,1.023523326553919,35.0,5.0,4.0
0.557443420820292,-1.3682248378119541,1.746202483841562,0.2545584412271571,35.0,6.0,1.0
0.6384343604952034,-0.2386148371687376,1.8935139970602861,0.7877182237323191,35.0,6.0,2.0
0.6232729339224433,-0.11754481116630516,1.865022157873356,0.8891006692158093,35.0,6.0,3.0
0.6419628545616034,-0.03628534641741769,1.9002070512203104,0.9643650760992956,35.0,6.0,4.0
0.6056991350238206,0.04765508990216247,1.8325329490954547,1.0488088481701516,35.0,6.0,5.0
0.580866584081112,-1.3968040447319283,1.7875868540450035,0.24738633753705963,35.0,7.0,1.0
0.5756614366898187,-1.4193642623721632,1.7783063750788257,0.24186773244895649,35.0,8.0,1.0
0.580866584081112,-1.4349905341242155,1.7875868540450035,0.2381176179958131,35.0,9.0,1.0
0.5605645065917106,-1.4763363920467723,1.7516610454563228,0.2284731931759172,35.0,12.0,1.0
0.5009421918515381,-1.4938820519524072,1.6502754144826723,0.22449944320643644,35.0,13.0,1.0
0.6393932101407861,-0.4593969310461369,1.8953304630049663,0.6316644678941502,35.0,13.0,2.0
0.5824238663691742,-1.2402581507433539,1.7903728000803658,0.2893095228297886,36.0,2.0,1.0
0.5677410224608287,-1.2852322690748237,1.7642770842011966,0.27658633371878655,36.0,3.0,1.0
0.6181415509795406,-0.08125946474888747,1.8554765270734055,0.9219544457292888,36.0,3.0,2.0
0.5573222225354457,-1.315544579983041,1.7459908599200131,0.2683281572999747,36.0,4.0,1.0
0.615406196916263,-0.14785712207452253,1.850408076978786,0.862554346113913,36.0,4.0,2.0
0.6297110379527013,-0.016674989840777022,1.877068099449143,0.9834632682515397,36.0,4.0,3.0
0.5364846226846799,-1.3411912271768163,1.709985041276319,0.2615339366124404,36.0,5.0,1.0
0.6044626122458934,-0.20684945651763398,1.8302683807463107,0.8131420540102449,36.0,5.0,2.0
0.6314479974063678,-0.08486063740910811,1.8803313238534596,0.9186402995732333,36.0,5.0,3.0
0.6136579647739425,0.02325091682570991,1.8471759601706454,1.023523326553919,36.0,5.0,4.0
0.5547175225541,-1.3682248378119541,1.741448995225035,0.2545584412271571,36.0,6.0,1.0
0.6308494775226017,-0.2386148371687376,1.8792062448927154,0.7877182237323191,36.0,6.0,2.0
0.615406196916263,-0.11754481116630516,1.850408076978786,0.8891006692158093,36.0,6.0,3.0
0.6419240873310289,-0.03628534641741769,1.900133386883307,0.9643650760992956,36.0,6.0,4.0
0.6056314281845631,0.04765508990216247,1.832408878281905,1.0488088481701516,36.0,6.0,5.0
0.583369222348903,-1.3968040447319283,1.7920661399912594,0.24738633753705963,36.0,7.0,1.0
0.5807645223675573,-1.4193642623721632,1.7874044191775176,0.24186773244895649,36.0,8.0,1.0
0.5807645223675573,-1.4349905341242155,1.7874044191775176,0.2381176179958131,36.0,9.0,1.0
0.6175246570228325,-1.5120658740378445,1.8543322478028124,0.220454076850486,36.0,16.0,1.0
0.6967808361626779,-0.5234845277581356,2.0072805306653096,0.592452529743945,36.0,16.0,2.0
0.6538461509768664,-1.530936038029268,1.9229224746066933,0.21633307652783934,36.0,19.0,1.0
0.566665727135312,-0.5659811341748319,1.7623809849156866,0.5678027826631357,36.0,19.0,2.0
0.582327027425426,-1.2402581507433539,1.7901994306640814,0.2893095228297886,37.0,2.0,1.0
0.5702411321726533,-1.2852322690748237,1.7686934889215113,0.27658633371878655,37.0,3.0,1.0
0.6207452988749521,-0.08125946474888747,1.8603140152425979,0.9219544457292888,37.0,3.0,2.0
0.5572075755092399,-1.315544579983041,1.7457906987343026,0.2683281572999747,37.0,4.0,1.0
0.6153319624069029,-0.14785712207452253,1.850270717941529,0.862554346113913,37.0,4.0,2.0
0.6350207416939383,-0.016674989840777022,1.887061281900369,0.9834632682515397,37.0,4.0,3.0
0.5363538848477785,-1.3411912271768163,1.7097614961441105,0.2615339366124404,37.0,5.0,1.0
0.6093948472714853,-0.20684945651763398,1.8393179936230837,0.8131420540102449,37.0,5.0,2.0
0.6393887092199986,-0.08486063740910811,1.8953219322918844,0.9186402995732333,37.0,5.0,3.0
0.6162776940906307,0.02325091682570991,1.8520214052927224,1.023523326553919,37.0,5.0,4.0
0.5519941528438745,-1.3682248378119541,1.7367128378605292,0.2545584412271571,37.0,6.0,1.0
0.6433131636238786,-0.2386148371687376,1.902774651158372,0.7877182237323191,37.0,6.0,2.0
0.6231326049039775,-0.11754481116630516,1.8647604595068914,0.8891006692158093,37.0,6.0,3.0
0.6418874156264315,-0.03628534641741769,1.9000637070306947,0.9643650760992956,37.0,6.0,4.0
0.6082449594034989,0.04765508990216247,1.8372041997227404,1.0488088481701516,37.0,6.0,5.0
0.6171619361609414,-1.3968040447319283,1.8536597647808404,0.24738633753705963,37.0,7.0,1.0
0.5754545548380186,-1.4193642623721632,1.777938513816103,0.24186773244895649,37.0,8.0,1.0
0.5900849735966361,-1.2402581507433539,1.8041417132948478,0.2893095228297886,38.0,2.0,1.0
0.5727506634775823,-1.2852322690748237,1.7731376546549475,0.27658633371878655,38.0,3.0,1.0
0.6180254947550661,-0.08125946474888747,1.8552611999683393,0.9219544457292888,38.0,3.0,2.0
0.5570989625370447,-1.315544579983041,1.7456010935146618,0.2683281572999747,38.0,4.0,1.0
0.6126595200699422,-0.14785712207452253,1.8453325775268132,0.862554346113913,38.0,4.0,2.0
0.6323020602903255,-0.016674989840777022,1.8819379310208233,0.9834632682515397,38.0,4.0,3.0
0.5284041774793924,-1.3411912271768163,1.6962232763217564,0.2615339366124404,38.0,5.0,1.0
0.601766903355913,-0.20684945651763398,1.825341154169309,0.8131420540102449,38.0,5.0,2.0
0.6313519508757681,-0.08486063740910811,1.880150733226116,0.9186402995732333,38.0,5.0,3.0
0.6189043826749705,0.02325091682570991,1.856892483377894,1.023523326553919,38.0,5.0,4.0
0.5466644952433529,-1.3682248378119541,1.7274813752036824,0.2545584412271571,38.0,6.0,1.0
0.625692325394319,-0.2386148371687376,1.8695398393933746,0.7877182237323191,38.0,6.0,2.0
0.6204658647910644,-0.11754481116630516,1.8597942527230689,0.8891006692158093,38.0,6.0,3.0
0.6392103811908206,-0.03628534641741769,1.894983973401708,0.9643650760992956,38.0,6.0,4.0
0.6028271695365444,0.04765508990216247,1.8272775280176414,1.0488088481701516,38.0,6.0,5.0
0.5779678971244282,-1.3968040447319283,1.7824127020935652,0.24738633753705963,38.0,7.0,1.0
0.5779678971244282,-1.4193642623721632,1.7824127020935652,0.24186773244895649,38.0,8.0,1.0
0.49421145710576075,-0.48274048803246333,1.6392051457244068,0.6170899448216606,38.0,14.0,2.0
0.584766623892933,-1.2402581507433539,1.7945721265092087,0.2893095228297886,39.0,2.0,1.0
0.5700480424443063,-1.2852322690748237,1.7683520053457527,0.27658633371878655,39.0,3.0,1.0
0.6179719303437702,-0.08125946474888747,1.8551618266558232,0.9219544457292888,39.0,3.0,2.0
0.5543854948641702,-1.315544579983041,1.7408708819181438,0.2683281572999747,39.0,4.0,1.0
0.6151949140819305,-0.14785712207452253,1.8500171588142134,0.862554346113913,39.0,4.0,2.0
0.6295816725278176,-0.016674989840777022,1.8768252874429998,0.9834632682515397,39.0,4.0,3.0
0.5361125226873449,-1.3411912271768163,1.7093488742132383,0.2615339366124404,39.0,5.0,1.0
0.6117464281218582,-0.20684945651763398,1.8436483882355912,0.8131420540102449,39.0,5.0,2.0
0.6339747599806049,-0.08486063740910811,1.8850884822436105,0.9186402995732333,39.0,5.0,3.0
0.6054491405404088,0.02325091682570991,1.8320748832268663,1.023523326553919,39.0,5.0,4.0
0.5543854948641702,-1.3682248378119541,1.7408708819181438,0.2545584412271571,39.0,6.0,1.0
0.643198882043084,-0.2386148371687376,1.902557211488253,0.7877182237323191,39.0,6.0,2.0
0.6204027504308796,-0.11754481116630516,1.859676876702828,0.8891006692158093,39.0,6.0,3.0
0.6365314661549739,-0.03628534641741769,1.8899142660322554,0.9643650760992956,39.0,6.0,4.0
0.6054491405404088,0.04765508990216247,1.8320748832268663,1.0488088481701516,39.0,6.0,5.0
0.5752688916376849,-1.3968040447319283,1.777608446703238,0.24738633753705963,39.0,7.0,1.0
0.5627345101775718,-1.4763363920467723,1.755466283402959,0.2284731931759172,39.0,12.0,1.0
0.6438368248876271,-0.4593969310461369,1.9037713214728686,0.6316644678941502,39.0,13.0,2.0
0.5475723051316495,-0.5234845277581356,1.729050311918323,0.592452529743945,39.0,16.0,2.0
0.5899258582926813,-1.2402581507433539,1.8038546695748894,0.2893095228297886,40.0,2.0,1.0
0.5751830224075307,-1.2852322690748237,1.7774558113878363,0.27658633371878655,40.0,3.0,1.0
0.6179210441530391,-0.08125946474888747,1.8550674269391163,0.9219544457292888,40.0,3.0,2.0
0.5621223125010686,-1.315544579983041,1.7543919199180493,0.2683281572999747,40.0,4.0,1.0
0.6177371605101676,-0.14785712207452253,1.8547263417438338,0.862554346113913,40.0,4.0,2.0
0.6295428629003524,-0.016674989840777022,1.8767524499661838,0.9834632682515397,40.0,4.0,3.0
0.5568980285384837,-1.3682248378119541,1.7452503781435504,0.2545584412271571,40.0,6.0,1.0
0.6330969259957451,-0.2386148371687376,1.883434413614475,0.7877182237323191,40.0,6.0,2.0
0.6203427917887043,-0.11754481116630516,1.8595653763451547,0.8891006692158093,40.0,6.0,3.0
0.6391425385373153,-0.03628534641741769,1.8948554170214547,0.9643650760992956,40.0,6.0,4.0
0.6107607672812047,0.04765508990216247,1.8418320714985643,1.0488088481701516,40.0,6.0,5.0
0.6437609582943883,-0.4593969310461369,1.9036268943070707,0.6316644678941502,40.0,13.0,2.0
0.587230384674734,-1.2402581507433539,1.7989989740419945,0.2893095228297886,41.0,2.0,1.0
0.572487566329274,-1.2852322690748237,1.7726712085574594,0.27658633371878655,41.0,3.0,1.0
0.6232137643561778,-0.08125946474888747,1.864911808585891,0.9219544457292888,41.0,3.0,2.0
0.5594186883740898,-1.315544579983041,1.7496551097576418,0.2683281572999747,41.0,4.0,1.0
0.6150712363252483,-0.14785712207452253,1.849788366990709,0.862554346113913,41.0,4.0,2.0
0.6348756155026621,-0.016674989840777022,1.8867874397551363,0.9834632682515397,41.0,4.0,3.0
0.5385084836457953,-1.3411912271768163,1.7134493176698482,0.2615339366124404,41.0,5.0,1.0
0.6040427026831993,-0.20684945651763398,1.8294999948885138,0.8131420540102449,41.0,5.0,2.0
0.6338960126375052,-0.08486063740910811,1.884940042378825,0.9186402995732333,41.0,5.0,3.0
0.6214514428096234,0.02325091682570991,1.8616281286230363,1.023523326553919,41.0,5.0,4.0
0.588170219875495,-1.3968040447319283,1.800690531371982,0.24738633753705963,41.0,7.0,1.0
0.588170219875495,-1.4193642623721632,1.800690531371982,0.24186773244895649,41.0,8.0,1.0
0.588170219875495,-1.4349905341242155,1.800690531371982,0.2381176179958131,41.0,9.0,1.0
0.5208993586468577,-1.4938820519524072,1.68354107626452,0.22449944320643644,41.0,13.0,1.0
0.5208993586468577,-1.5028913047037462,1.68354107626452,0.22248595461286988,41.0,14.0,1.0
0.5379500544299818,-0.48274048803246333,1.7124927446250717,0.6170899448216606,41.0,14.0,2.0
0.5845353011962593,-1.2402581507433539,1.794157049255775,0.2893095228297886,42.0,2.0,1.0
0.5724082195702603,-1.2852322690748237,1.7725305584224036,0.27658633371878655,42.0,3.0,1.0
0.6178265412273953,-0.08125946474888747,1.854892125923364,0.9219544457292888,42.0,3.0,2.0
0.5593315625210552,-1.315544579983041,1.7495026762042358,0.2683281572999747,42.0,4.0,1.0
0.6124050017521363,-0.14785712207452253,1.8448629663482474,0.862554346113913,42.0,4.0,2.0
0.6267843552235127,-0.016674989840777022,1.8715825478111214,0.9834632682515397,42.0,4.0,3.0
0.5331782484226452,-1.3411912271768163,1.704340527327403,0.2615339366124404,42.0,5.0,1.0
0.6039707181867372,-0.20684945651763398,1.8293683039925128,0.8131420540102449,42.0,5.0,2.0
0.6338594513710663,-0.08486063740910811,1.8848711278435233,0.9186402995732333,42.0,5.0,3.0
0.6106657592970856,0.02325091682570991,1.8416570910587664,1.023523326553919,42.0,5.0,4.0
0.5750235509801014,-1.3968040447319283,1.7771723805725608,0.24738633753705963,42.0,7.0,1.0
0.5870901522167704,-1.2402581507433539,1.7987467136819493,0.2893095228297886,43.0,2.0,1.0
0.5749493782231576,-1.2852322690748237,1.7770405676860523,0.27658633371878655,43.0,3.0,1.0
0.6204562537533235,-0.08125946474888747,1.859776378256212,0.9219544457292888,43.0,3.0,2.0
0.564482118763238,-1.315544579983041,1.7585368336301617,0.2683281572999747,43.0,4.0,1.0
0.6149590634761641,-0.14785712207452253,1.8495808825966562,0.862554346113913,43.0,4.0,2.0
0.6321252210509023,-0.016674989840777022,1.8816051599728165,0.9834632682515397,43.0,4.0,3.0
0.5487812295733586,-1.3411912271768163,1.7311418671127101,0.2615339366124404,43.0,5.0,1.0
0.6114692427396863,-0.20684945651763398,1.8431374266713172,0.8131420540102449,43.0,5.0,2.0
0.6364982580037123,-0.08486063740910811,1.889851506515507,0.9186402995732333,43.0,5.0,3.0
0.6213733952939662,0.02325091682570991,1.8614828388423466,1.023523326553919,43.0,5.0,4.0
0.5827998228180973,-1.3968040447319283,1.7910460288249468,0.24738633753705963,43.0,7.0,1.0
0.5827998228180973,-1.4193642623721632,1.7910460288249468,0.24186773244895649,43.0,8.0,1.0
0.5854166376830772,-1.4677891753671222,1.7957390023404536,0.2304343724360582,43.0,11.0,1.0
0.5623908012500816,-1.4763363920467723,1.754863017649297,0.2284731931759172,43.0,12.0,1.0
0.5817724043839579,-1.2402581507433539,1.789206820098802,0.2893095228297886,44.0,2.0,1.0
0.5670238842841465,-1.2852322690748237,1.7630123073139705,0.27658633371878655,44.0,3.0,1.0
0.6204157436415803,-0.08125946474888747,1.8597010400333016,0.9219544457292888,44.0,3.0,2.0
0.5539327298324478,-1.315544579983041,1.7400828548670757,0.2683281572999747,44.0,4.0,1.0
0.6201302111482643,-0.14785712207452253,1.859170110760905,0.862554346113913,44.0,4.0,2.0
0.6320946760913656,-0.016674989840777022,1.8815476872970958,0.9834632682515397,44.0,4.0,3.0
0.5251321900387108,-1.3411912271768163,1.6906823249700618,0.2615339366124404,44.0,5.0,1.0
0.6088840690730803,-0.20684945651763398,1.8383787499850142,0.8131420540102449,44.0,5.0,2.0
0.6337913144654298,-0.08486063740910811,1.8847427029326362,0.9186402995732333,44.0,5.0,3.0
0.6052005664801982,0.02325091682570991,1.8316195335309389,1.023523326553919,44.0,5.0,4.0
0.5434598062710889,-1.3682248378119541,1.7219541958664684,0.2545584412271571,44.0,6.0,1.0
0.6354042370223134,-0.2386148371687376,1.887785099867869,0.7877182237323191,44.0,6.0,2.0
0.6253536211705057,-0.11754481116630516,1.8689067255783993,0.8891006692158093,44.0,6.0,3.0
0.63902535577217,-0.03628534641741769,1.8946333856335176,0.9643650760992956,44.0,6.0,4.0
0.6025111555190815,0.04765508990216247,1.8267001739357893,1.0488088481701516,44.0,6.0,5.0
0.589589948206554,-1.2402581507433539,1.8032488383555763,0.2893095228297886,45.0,2.0,1.0
0.5748109224101957,-1.2852322690748237,1.7767945431217456,0.27658633371878655,45.0,3.0,1.0
0.6203770339792477,-0.08125946474888747,1.8596290530273076,0.9219544457292888,45.0,3.0,2.0
0.5486150825978043,-1.3411912271768163,1.7308542670198384,0.2615339366124404,45.0,5.0,1.0
0.6062990167334092,-0.20684945651763398,1.833632581885659,0.8131420540102449,45.0,5.0,2.0
0.6337595172427996,-0.08486063740910811,1.8846827743020973,0.9186402995732333,45.0,5.0,3.0
0.6213022853352561,0.02325091682570991,1.861350473580837,1.023523326553919,45.0,5.0,4.0
0.561713002504,-1.3682248378119541,1.7536739767071408,0.2545584412271571,45.0,6.0,1.0
0.6378781221105854,-0.2386148371687376,1.8924610447666999,0.7877182237323191,45.0,6.0,2.0
0.6174699162764714,-0.11754481116630516,1.8542307430498144,0.8891006692158093,45.0,6.0,3.0
0.644306118276323,-0.03628534641741769,1.9046649584401842,0.9643650760992956,45.0,6.0,4.0
0.6105390819849263,0.04765508990216247,1.841423809664594,1.0488088481701516,45.0,6.0,5.0
0.5852892583351522,-1.3968040447319283,1.7955102768450535,0.24738633753705963,45.0,7.0,1.0
0.5852892583351522,-1.4349905341242155,1.7955102768450535,0.2381176179958131,45.0,9.0,1.0
0.6036263462038262,-1.4511209652333261,1.8287384292640216,0.2343074902771996,45.0,10.0,1.0
0.7161856946816467,-1.4763363920467723,2.0466119010363784,0.2284731931759172,45.0,12.0,1.0
0.5879821530209675,-0.4297189601406862,1.8003519130102126,0.6506919393998976,45.0,12.0,2.0
0.6729485279275634,-0.48274048803246333,1.9600079471989813,0.6170899448216606,45.0,14.0,2.0
0.5842738059739326,-1.2402581507433539,1.7936879470959508,0.2893095228297886,46.0,2.0,1.0
0.5721253311250813,-1.2852322690748237,1.772029200926164,0.27658633371878655,46.0,3.0,1.0
0.620340007345712,-0.08125946474888747,1.8595601984985826,0.9219544457292888,46.0,3.0,2.0
0.5590209399145842,-1.315544579983041,1.7489593255157978,0.2683281572999747,46.0,4.0,1.0
0.6148090932540193,-0.14785712207452253,1.849303521339303,0.862554346113913,46.0,4.0,2.0
0.6293454400128126,-0.016674989840777022,1.876381972649868,0.9834632682515397,46.0,4.0,3.0
0.5380539139777888,-1.3411912271768163,1.7126706125836342,0.2615339366124404,46.0,5.0,1.0
0.603714077808047,-0.20684945651763398,1.8288988744580756,0.8131420540102449,46.0,5.0,2.0
0.6390847405730685,-0.08486063740910811,1.8947459014007293,0.9186402995732333,46.0,5.0,3.0
0.6185769188742662,0.02325091682570991,1.8562845178565708,1.023523326553919,46.0,5.0,4.0
0.5537791834303853,-1.3682248378119541,1.7398156919169,0.2545584412271571,46.0,6.0,1.0
0.6378357996247993,-0.2386148371687376,1.8923809528058895,0.7877182237323191,46.0,6.0,2.0
0.5773670876092802,-1.4193642623721632,1.781342133218414,0.24186773244895649,46.0,8.0,1.0
0.5443112125076067,-0.48274048803246333,1.7234209027008998,0.6170899448216606,46.0,14.0,2.0
0.5842153868285193,-1.2402581507433539,1.7935831644396296,0.2893095228297886,47.0,2.0,1.0
0.5746842500706774,-1.2852322690748237,1.7765694866546404,0.27658633371878655,47.0,3.0,1.0
0.6203045563136035,-0.08125946474888747,1.859494276338789,0.9219544457292888,47.0,3.0,2.0
0.5615736629305299,-1.315544579983041,1.7534296375466734,0.2683281572999747,47.0,4.0,1.0
0.614763357654358,-0.14785712207452253,1.849218944267905,0.862554346113913,47.0,4.0,2.0
0.6320108399258286,-0.016674989840777022,1.8813899521657647,0.9834632682515397,47.0,4.0,3.0
0.5432188409343234,-1.3411912271768163,1.7215393145817783,0.2615339366124404,47.0,5.0,1.0
0.6087117396505181,-0.20684945651763398,1.8380619705325725,0.8131420540102449,47.0,5.0,2.0
0.6336999820174489,-0.08486063740910811,1.8845705726284239,0.9186402995732333,47.0,5.0,3.0
0.6158504209689747,0.02325091682570991,1.851230255356097,1.023523326553919,47.0,5.0,4.0
0.5773063674987069,-1.3968040447319283,1.781233973210893,0.24738633753705963,47.0,7.0,1.0
0.5516586321855631,-1.4763363920467723,1.7361302325693933,0.2284731931759172,47.0,12.0,1.0
0.5867906974888277,-1.2402581507433539,1.7982081511157437,0.2893095228297886,48.0,2.0,1.0
0.5720015674303155,-1.2852322690748237,1.7718099016159508,0.27658633371878655,48.0,3.0,1.0
0.6229508809023796,-0.08125946474888747,1.8644216185628668,0.9219544457292888,48.0,3.0,2.0
0.5615083475054656,-1.315544579983041,1.7533151152846524,0.2683281572999747,48.0,4.0,1.0
0.6147195277046825,-0.14785712207452253,1.8491378948708472,0.862554346113913,48.0,4.0,2.0
0.6319852233196923,-0.016674989840777022,1.8813417579576597,0.9834632682515397,48.0,4.0,3.0
0.5824947873551655,-1.3968040447319283,1.790499779587342,0.24738633753705963,48.0,7.0,1.0
0.5370387893638329,-0.4297189601406862,1.7109329206253618,0.6506919393998976,48.0,12.0,2.0
0.6480964179871775,-0.4593969310461369,1.9118979083461347,0.6316644678941502,48.0,13.0,2.0
0.6613328262612692,-1.530936038029268,1.9373727957067217,0.21633307652783934,48.0,19.0,1.0
0.5841057019024369,-1.2402581507433539,1.7933864461915259,0.2893095228297886,49.0,2.0,1.0
0.5693190302046294,-1.2852322690748237,1.7670633248787886,0.27658633371878655,49.0,3.0,1.0
0.6175565328684137,-0.08125946474888747,1.8543913571532749,0.9219544457292888,49.0,3.0,2.0
0.5561968098904444,-1.315544579983041,1.7440270050090547,0.2683281572999747,49.0,4.0,1.0
0.6146774867325451,-0.14785712207452253,1.849060156950231,0.862554346113913,49.0,4.0,2.0
0.6319606522893165,-0.016674989840777022,1.8812955320200895,0.9834632682515397,49.0,4.0,3.0
0.5325768133249117,-1.3411912271768163,1.7033157853045775,0.2615339366124404,49.0,5.0,1.0
0.6060788355831204,-0.20684945651763398,1.8332288949983246,0.8131420540102449,49.0,5.0,2.0
0.6282823821631344,-0.08486063740910811,1.8743883299313686,0.9186402995732333,49.0,5.0,3.0
0.6211774801016021,0.02325091682570991,1.8611181817959865,1.023523326553919,49.0,5.0,4.0
0.5771923623931403,-1.3968040447319283,1.7810309150187935,0.24738633753705963,49.0,7.0,1.0
0.5866876850624153,-1.2402581507433539,1.798022922871472,0.2893095228297886,50.0,2.0,1.0
0.5955175430618995,-1.2852322690748237,1.8139695093995372,0.27658633371878655,50.0,3.0,1.0
0.6202067114649843,-0.08125946474888747,1.8593123433035628,0.9219544457292888,50.0,3.0,2.0
0.5613855545063451,-1.315544579983041,1.7530998336810506,0.2683281572999747,50.0,4.0,1.0
0.6146371273992931,-0.14785712207452253,1.8489855316210781,0.862554346113913,50.0,4.0,2.0
0.631937064100156,-0.016674989840777022,1.8812511561885883,0.9834632682515397,50.0,4.0,3.0
0.5430067914379697,-1.3411912271768163,1.7211743017389307,0.2615339366124404,50.0,5.0,1.0
0.6060292948243055,-0.20684945651763398,1.8331380776973825,0.8131420540102449,50.0,5.0,2.0
0.6363021890628744,-0.08486063740910811,1.8894810016557182,0.9186402995732333,50.0,5.0,3.0
0.6157555663359671,0.02325091682570991,1.8510546659174802,1.023523326553919,50.0,5.0,4.0
0.5561344793439521,-1.3682248378119541,1.7439183022405218,0.2545584412271571,50.0,6.0,1.0
0.635158280009329,-0.2386148371687376,1.8873208429795079,0.7877182237323191,50.0,6.0,2.0
0.6224941078699577,-0.11754481116630516,1.8635701955147903,0.8891006692158093,50.0,6.0,3.0
0.6362253044365915,-0.03628534641741769,1.8893357351994875,0.9643650760992956,50.0,6.0,4.0
0.6076648174538727,0.04765508990216247,1.8361386696056965,1.0488088481701516,50.0,6.0,5.0
0.577138779993524,-1.3968040447319283,1.7809354856652657,0.24738633753705963,50.0,7.0,1.0
0.577138779993524,-1.4193642623721632,1.7809354856652657,0.24186773244895649,50.0,8.0,1.0
0.5745132424123276,-1.4349905341242155,1.7762657056420121,0.2381176179958131,50.0,9.0,1.0
0.5928920054807031,-1.4511209652333261,1.8092131110650849,0.2343074902771996,50.0,10.0,1.0
0.5745132424123276,-1.4677891753671222,1.7762657056420121,0.2304343724360582,50.0,11.0,1.0
0.6874487216691981,-1.4763363920467723,1.9886354930590637,0.2284731931759172,50.0,12.0,1.0
0.5996748809633525,-0.4297189601406862,1.8215264911721873,0.6506919393998976,50.0,12.0,2.0
0.679735756880093,-0.48274048803246333,1.973356217526539,0.6170899448216606,50.0,14.0,2.0
0.6785461262552294,-0.22345614901116895,1.9710100483504513,0.7997499609252882,50.0,14.0,4.0
0.5012143062050416,-0.174636914229211,1.6507245392140586,0.8397618710086806,50.0,14.0,5.0
0.5840046197156552,-1.2402581507433539,1.7932051759295518,0.2893095228297886,51.0,2.0,1.0
0.5744607106479979,-1.2852322690748237,1.7761723977214128,0.27658633371878655,51.0,3.0,1.0
0.6228603076115753,-0.08125946474888747,1.8642527594086071,0.9219544457292888,51.0,3.0,2.0
0.5613277695655825,-1.315544579983041,1.7529985338378413,0.2683281572999747,51.0,4.0,1.0
0.6145983507849921,-0.14785712207452253,1.8489138356123436,0.862554346113913,51.0,4.0,2.0
0.6319144009380213,-0.016674989840777022,1.881208521571739,0.9834632682515397,51.0,4.0,3.0
0.5376884756172347,-1.3411912271768163,1.712044851388339,0.2615339366124404,51.0,5.0,1.0
0.6085135044977669,-0.20684945651763398,1.8376976381500136,0.8131420540102449,51.0,5.0,2.0
0.6389622259768114,-0.08486063740910811,1.894513781590932,0.9186402995732333,51.0,5.0,3.0
0.6184244234768794,0.02325091682570991,1.8560014645940657,1.023523326553919,51.0,5.0,4.0
0.5534480049161332,-1.3682248378119541,1.7392395977412507,0.2545584412271571,51.0,6.0,1.0
0.6452275901786245,-0.2386148371687376,1.9064208625665966,0.7877182237323191,51.0,6.0,2.0
0.6224584753054648,-0.11754481116630516,1.863503792912666,0.8891006692158093,51.0,6.0,3.0
0.6468460053304264,-0.03628534641741769,1.909508741036939,0.9643650760992956,51.0,6.0,4.0
0.6022364505235092,0.04765508990216247,1.826198439190272,1.0488088481701516,51.0,6.0,5.0
0.577087298864481,-1.3968040447319283,1.780843803455683,0.24738633753705963,51.0,7.0,1.0
0.5744607106479979,-1.4193642623721632,1.7761723977214128,0.24186773244895649,51.0,8.0,1.0
0.49122788963044506,-1.5120658740378445,1.634321755151424,0.220454076850486,51.0,16.0,1.0
0.5865925966688039,-1.2402581507433539,1.7978519598884861,0.2893095228297886,52.0,2.0,1.0
0.5744101993361426,-1.2852322690748237,1.776082683189341,0.27658633371878655,52.0,3.0,1.0
0.6174630684364586,-0.08125946474888747,1.8542180456178143,0.9219544457292888,52.0,3.0,2.0
0.5586446086798214,-1.315544579983041,1.7483012613260973,0.2683281572999747,52.0,4.0,1.0
0.6145610655789334,-0.14785712207452253,1.8488448997641496,0.862554346113913,52.0,4.0,2.0
0.6291935762531663,-0.016674989840777022,1.8760970398649985,0.9834632682515397,52.0,4.0,3.0
0.5402514195807799,-1.3411912271768163,1.7164383541512562,0.2615339366124404,52.0,5.0,1.0
0.608468710977674,-0.20684945651763398,1.8376153230475398,0.8131420540102449,52.0,5.0,2.0
0.6335711798472199,-0.08486063740910811,1.8843278514805606,0.9186402995732333,52.0,5.0,3.0
0.6129993771563524,0.02325091682570991,1.8459598334627194,1.023523326553919,52.0,5.0,4.0
0.5560170102371012,-1.3682248378119541,1.743713457746822,0.2545584412271571,52.0,6.0,1.0
0.6350889075184873,-0.2386148371687376,1.887189919372914,0.7877182237323191,52.0,6.0,2.0
0.6171821147940295,-0.11754481116630516,1.8536971694784907,0.8891006692158093,52.0,6.0,3.0
0.6388450745950234,-0.03628534641741769,1.894291849683671,0.9643650760992956,52.0,6.0,4.0
0.6076013107907479,0.04765508990216247,1.836022066268339,1.0488088481701516,52.0,6.0,5.0
0.5954309868779041,-1.4511209652333261,1.8138125059158285,0.2343074902771996,52.0,10.0,1.0
0.5839111663731587,-1.2402581507433539,1.7930376027423383,0.2893095228297886,53.0,2.0,1.0
0.5691044530171018,-1.2852322690748237,1.766684194078218,0.27658633371878655,53.0,3.0,1.0
0.6201199433916802,-0.08125946474888747,1.8591510213527622,0.9219544457292888,53.0,3.0,2.0
0.5585901708282518,-1.315544579983041,1.7482060901520151,0.2683281572999747,53.0,4.0,1.0
0.6145251873617825,-0.14785712207452253,1.8487785676953028,0.862554346113913,53.0,4.0,2.0
0.6291716085395068,-0.016674989840777022,1.87605582675511,0.9834632682515397,53.0,4.0,3.0
0.6006472995836519,-1.3682248378119541,1.8232986389446728,0.2545584412271571,53.0,6.0,1.0
0.6375842603224855,-0.2386148371687376,1.8919050044836727,0.7877182237323191,53.0,6.0,2.0
0.6223912440517047,-0.11754481116630516,1.8633785114277446,0.8891006692158093,53.0,6.0,3.0
0.63882636617098,-0.03628534641741769,1.8942564107999889,0.9643650760992956,53.0,6.0,4.0
0.6129714182480586,0.04765508990216247,1.8459082231625086,1.0488088481701516,53.0,6.0,5.0
0.5849758000956031,-0.4297189601406862,1.7949475475552552,0.6506919393998976,53.0,12.0,2.0
0.5838670356280911,-1.2402581507433539,1.79295847640296,0.2893095228297886,54.0,2.0,1.0
0.5743147890804157,-1.2852322690748237,1.7759132347700328,0.27658633371878655,54.0,3.0,1.0
0.620093163122142,-0.08125946474888747,1.859101233453968,0.9219544457292888,54.0,3.0,2.0
0.5611672558412419,-1.315544579983041,1.7527171760959053,0.2683281572999747,54.0,4.0,1.0
0.6144906379674893,-0.14785712207452253,1.8487146946190012,0.862554346113913,54.0,4.0,2.0
0.6318514477098691,-0.016674989840777022,1.8810900971501174,0.9834632682515397,54.0,4.0,3.0
0.6502538742324042,-0.4593969310461369,1.9160271972070644,0.6316644678941502,54.0,13.0,2.0
0.5864629306775156,-1.2402581507433539,1.797618854745149,0.2893095228297886,55.0,2.0,1.0
0.5716392773420013,-1.2852322690748237,1.7711681087148414,0.27658633371878655,55.0,3.0,1.0
0.6227549132368209,-0.08125946474888747,1.864056288008317,0.9219544457292888,55.0,3.0,2.0
0.5874217295926072,-1.315544579983041,1.7993432362883017,0.2683281572999747,55.0,4.0,1.0
0.6144573449148066,-0.14785712207452253,1.8486531462878495,0.862554346113913,55.0,4.0,2.0
0.6291300695900415,-0.016674989840777022,1.8759778989854583,0.9834632682515397,55.0,4.0,3.0
0.5769000947588699,-1.3968040447319283,1.7805104533874483,0.24738633753705963,55.0,7.0,1.0
0.5742696860504356,-1.4193642623721632,1.7758331375084913,0.24186773244895649,55.0,8.0,1.0
0.7057596064728006,-1.4763363920467723,2.025384595993825,0.2284731931759172,55.0,12.0,1.0
0.6744248558888855,-0.4297189601406862,1.9629036987493844,0.6506919393998976,55.0,12.0,2.0
0.48305965615871743,-1.5028913047037462,1.621026606348144,0.22248595461286988,55.0,15.0,1.0
0.6959781780225739,-0.5066762223586431,2.0056700170403,0.6024948132556828,55.0,15.0,2.0
0.5864227959659264,-1.2402581507433539,1.7975467092786448,0.2893095228297886,56.0,2.0,1.0
0.5742261938429548,-1.2852322690748237,1.7757559042847573,0.27658633371878655,56.0,3.0,1.0
0.6173540265991774,-0.08125946474888747,1.854015869298439,0.9219544457292888,56.0,3.0,2.0
0.5637010796326191,-1.315544579983041,1.7571638837840333,0.2683281572999747,56.0,4.0,1.0
0.6170499610520919,-0.14785712207452253,1.8534522126474624,0.862554346113913,56.0,4.0,2.0
0.6291104127657411,-0.016674989840777022,1.8759410235799343,0.9834632682515397,56.0,4.0,3.0
0.5821200295007067,-1.3968040447319283,1.7898289014478128,0.24738633753705963,56.0,7.0,1.0
0.5821200295007067,-1.4193642623721632,1.7898289014478128,0.24186773244895649,56.0,8.0,1.0
0.5821200295007067,-1.4349905341242155,1.7898289014478128,0.2381176179958131,56.0,9.0,1.0
0.5642337187360469,-1.4763363920467723,1.7581000672815037,0.2284731931759172,56.0,12.0,1.0
0.5170581340231546,-1.4938820519524072,1.6770866212693791,0.22449944320643644,56.0,13.0,1.0
0.58374393407606,-1.2402581507433539,1.7927377740164694,0.2893095228297886,57.0,2.0,1.0
0.5689199919260693,-1.2852322690748237,1.7663583396389253,0.27658633371878655,57.0,3.0,1.0
0.6200184602650088,-0.08125946474888747,1.858962358467373,0.9219544457292888,57.0,3.0,2.0
0.5531272846707521,-1.315544579983041,1.7386818778315003,0.2683281572999747,57.0,4.0,1.0
0.6170198207249833,-0.14785712207452253,1.853396349833359,0.862554346113913,57.0,4.0,2.0
0.6263877701718354,-0.016674989840777022,1.8708404533111986,0.9834632682515397,57.0,4.0,3.0
0.5478630489189797,-1.3682248378119541,1.729553095641575,0.2545584412271571,57.0,6.0,1.0
0.6349367748631324,-0.2386148371687376,1.8869028379971005,0.7877182237323191,57.0,6.0,2.0
0.6222709354923448,-0.11754481116630516,1.8631543445283614,0.8891006692158093,57.0,6.0,3.0
0.6387580968341191,-0.03628534641741769,1.8941270955851612,0.9643650760992956,57.0,6.0,4.0
0.5993510153444521,0.04765508990216247,1.820936656886459,1.0488088481701516,57.0,6.0,5.0
0.5768163455537281,-1.3968040447319283,1.7803613432962433,0.24738633753705963,57.0,7.0,1.0
0.6162981136920211,-1.4193642623721632,1.8520592232176973,0.24186773244895649,57.0,8.0,1.0
0.5837057301461194,-1.2402581507433539,1.7926692856964188,0.2893095228297886,58.0,2.0,1.0
0.571510780364865,-1.2852322690748237,1.7709405335885426,0.27658633371878655,58.0,3.0,1.0
0.6226854074638148,-0.08125946474888747,1.8639267298376647,0.9219544457292888,58.0,3.0,2.0
0.5609790673368424,-1.315544579983041,1.7523873659061169,0.2683281572999747,58.0,4.0,1.0
0.6143643539745551,-0.14785712207452253,1.8484812462862725,0.862554346113913,58.0,4.0,2.0
0.6317776404768635,-0.016674989840777022,1.8809512642185127,0.9834632682515397,58.0,4.0,3.0
0.5451814977948086,-1.3411912271768163,1.7249214234020138,0.2615339366124404,58.0,5.0,1.0
0.6006186297922297,-0.20684945651763398,1.8232463661023233,0.8131420540102449,58.0,5.0,2.0
0.6388261925285533,-0.08486063740910811,1.8942560818767376,0.9186402995732333,58.0,5.0,3.0
0.6182551010011602,0.02325091682570991,1.855687228435515,1.023523326553919,58.0,5.0,4.0
0.5583461390798368,-1.3682248378119541,1.747779524413154,0.2545584412271571,58.0,6.0,1.0
0.6323772291203128,-0.2386148371687376,1.8820793994101468,0.7877182237323191,58.0,6.0,2.0
0.6222434512093876,-0.11754481116630516,1.8631031377708571,0.8891006692158093,58.0,6.0,3.0
0.6387425008218193,-0.03628534641741769,1.8940975549860395,0.9643650760992956,58.0,6.0,4.0
0.6074370694205976,0.04765508990216247,1.83572054025075,1.0488088481701516,58.0,6.0,5.0
0.5794095651358818,-1.3968040447319283,1.784984202649043,0.24738633753705963,58.0,7.0,1.0
0.6218418282605781,-1.5120658740378445,1.8623550230348085,0.220454076850486,58.0,17.0,1.0
0.6401993912146858,-1.5214119405439208,1.8968590586326692,0.21840329667841554,58.0,18.0,1.0
0.5863105548233463,-1.2402581507433539,1.7973449619045438,0.2893095228297886,59.0,2.0,1.0
0.5741045630932206,-1.2852322690748237,1.7755399308975428,0.27658633371878655,59.0,3.0,1.0
0.6172819480965679,-0.08125946474888747,1.8538822394267442,0.9219544457292888,59.0,3.0,2.0
0.5609360072553274,-1.315544579983041,1.7523119095878843,0.2683281572999747,59.0,4.0,1.0
0.6117083117805155,-0.14785712207452253,1.8435781164435696,0.862554346113913,59.0,4.0,2.0
0.6317607523811758,-0.016674989840777022,1.8809194988018083,0.9834632682515397,59.0,4.0,3.0
0.5398663179146983,-1.3411912271768163,1.7157774781417399,0.2615339366124404,59.0,5.0,1.0
0.6056589986440102,-0.20684945651763398,1.8324593993330154,0.8131420540102449,59.0,5.0,2.0
0.6334275326810996,-0.08486063740910811,1.8840571925648124,0.9186402995732333,59.0,5.0,3.0
0.6182341919303088,0.02325091682570991,1.8556484281454182,1.023523326553919,59.0,5.0,4.0
0.5820056965959565,-1.4193642623721632,1.7896242768083919,0.24186773244895649,59.0,8.0,1.0
0.6747308033746349,-0.48274048803246333,1.9635043360778401,0.6170899448216606,59.0,14.0,2.0
0.49852308020401115,-1.5028913047037462,1.6462880389037664,0.22248595461286988,59.0,15.0,1.0
0.6958750711785285,-0.5066762223586431,2.0054632293954406,0.6024948132556828,59.0,15.0,2.0
0.5483655675144377,-1.5214119405439208,1.7304224466481957,0.21840329667841554,59.0,18.0,1.0
0.54316647037263,-0.5391107995101878,1.7214491589616674,0.5832666628567075,59.0,18.0,2.0
